Business Name,Instagram Handle,Instagram URL,Category,Area,Signal Tier,Status,Verified?,Date of Last Post,Activity Frequency,Notes
Casa Wolaba,casa.wolaba,"=HYPERLINK(""https://www.instagram.com/casa.wolaba/"",""@casa.wolaba"")",hostel,Puerto Viejo,T1,ok,FALSE,,,
El Clan Hostel,elclan_hostel,"=HYPERLINK(""https://www.instagram.com/elclan_hostel/"",""@elclan_hostel"")",hostel,Puerto Viejo,T1,ok,FALSE,,,
Hotel and Hostel Agapi,agapi.pv,"=HYPERLINK(""https://www.instagram.com/agapi.pv/"",""@agapi.pv"")",hostel,Puerto Viejo,T1,ok,FALSE,,,
Hotel Puerto Viejo,hotelpuertoviejocr,"=HYPERLINK(""https://www.instagram.com/hotelpuertoviejocr/"",""@hotelpuertoviejocr"")",hostel,Puerto Viejo,T1,ok,FALSE,,,
Kalunay Hostel,kalunayhostel,"=HYPERLINK(""https://www.instagram.com/kalunayhostel/"",""@kalunayhostel"")",hostel,Puerto Viejo,T1,ok,FALSE,,,
Oasis Beachfront Hostel,oasis.hostel.pv,"=HYPERLINK(""https://www.instagram.com/oasis.hostel.pv/"",""@oasis.hostel.pv"")",hostel,Puerto Viejo,T1,ok,FALSE,,,
Pagalu Hostel,pagaluhostel,"=HYPERLINK(""https://www.instagram.com/pagaluhostel/"",""@pagaluhostel"")",hostel,Puerto Viejo,T1,ok,FALSE,,,
Rocking J's Hostel,rockingjshostel,"=HYPERLINK(""https://www.instagram.com/rockingjshostel/"",""@rockingjshostel"")",hostel,Puerto Viejo,T1,ok,FALSE,,,
Roots Family Hostel,roots_cr,"=HYPERLINK(""https://www.instagram.com/roots_cr/"",""@roots_cr"")",hostel,Puerto Viejo,T1,ok,FALSE,,,
La Ruka Hostel,larukahostel,"=HYPERLINK(""https://www.instagram.com/larukahostel/"",""@larukahostel"")",hostel,Puerto Viejo,T1,ok,FALSE,,,
Soul Rebel Hostel,soulrebelhostel,"=HYPERLINK(""https://www.instagram.com/soulrebelhostel/"",""@soulrebelhostel"")",hostel,Puerto Viejo,T1,ok,FALSE,,,
La Tribu,latribuhostelcr,"=HYPERLINK(""https://www.instagram.com/latribuhostelcr/"",""@latribuhostelcr"")",hostel,Puerto Viejo,T1,ok,FALSE,,,
"Tasty Dayz Hostel - Playa Cocles, Puerto Viejo, Limón, Costa Rica",tastydayz,"=HYPERLINK(""https://www.instagram.com/tastydayz/"",""@tastydayz"")",hostel,Cocles,T1,ok,FALSE,,,
"Yuyo Huelal Totga - Playa Cocles, Puerto Viejo, Limón, Costa Rica",huelal_totga,"=HYPERLINK(""https://www.instagram.com/huelal_totga/"",""@huelal_totga"")",hostel,Cocles,T1,ok,FALSE,,,
"Madre Selva Jungle Hostel - Playa Cocles, Puerto Viejo, Limón, Costa Rica",madreselvahostel,"=HYPERLINK(""https://www.instagram.com/madreselvahostel/"",""@madreselvahostel"")",hostel,Cocles,T1,ok,FALSE,,,
"Playa 506 - Playa Cocles, Puerto Viejo, Limón, Costa Rica",playa506,"=HYPERLINK(""https://www.instagram.com/playa506/"",""@playa506"")",hostel,Cocles,T1,ok,FALSE,,,
"Smile Jungle Hostel - Playa Cocles, Puerto Viejo, Limón, Costa Rica",smilehostelcr,"=HYPERLINK(""https://www.instagram.com/smilehostelcr/"",""@smilehostelcr"")",hostel,Cocles,T1,ok,FALSE,,,
"Tasty Waves Cantina - Playa Cocles, Puerto Viejo, Limón, Costa Rica",tastywavescantina,"=HYPERLINK(""https://www.instagram.com/tastywavescantina/"",""@tastywavescantina"")",restaurant,Cocles,T1,ok,FALSE,,,
"Arrecife Hotel y Restaurante - Playa Punta Uva, Puerto Viejo, Limón, Costa Rica",arrecifepuntauva,"=HYPERLINK(""https://www.instagram.com/arrecifepuntauva/"",""@arrecifepuntauva"")",restaurant,Punta Uva,T1,ok,FALSE,,,
"Azul Bar and Grill - Playa Negra, Puerto Viejo, Limón, Costa Rica",azulbarandgrill,"=HYPERLINK(""https://www.instagram.com/azulbarandgrill/"",""@azulbarandgrill"")",restaurant,Playa Negra,T1,ok,FALSE,,,
"Beach Break Restaurant - Playa Cocles, Puerto Viejo, Limón, Costa Rica",beachbreak_cocles,"=HYPERLINK(""https://www.instagram.com/beachbreak_cocles/"",""@beachbreak_cocles"")",restaurant,Cocles,T1,ok,FALSE,,,
Cacao Huasi,cacaohuasi,"=HYPERLINK(""https://www.instagram.com/cacaohuasi/"",""@cacaohuasi"")",restaurant,Puerto Viejo,T1,ok,FALSE,,,
Café Gustitos,caf_gustitos,"=HYPERLINK(""https://www.instagram.com/caf_gustitos/"",""@caf_gustitos"")",restaurant,Puerto Viejo,T1,ok,FALSE,,,
Cafe Rico,cafericocostarica,"=HYPERLINK(""https://www.instagram.com/cafericocostarica/"",""@cafericocostarica"")",restaurant,Puerto Viejo,T1,ok,FALSE,,,
Cafe Viejo,cafeviejo_cr,"=HYPERLINK(""https://www.instagram.com/cafeviejo_cr/"",""@cafeviejo_cr"")",restaurant,Puerto Viejo,T1,ok,FALSE,,,
La Casita de Monli,lacasitademonli,"=HYPERLINK(""https://www.instagram.com/lacasitademonli/"",""@lacasitademonli"")",restaurant,Puerto Viejo,T1,ok,FALSE,,,
Chaman Mercadito,chaman_mercadito,"=HYPERLINK(""https://www.instagram.com/chaman_mercadito/"",""@chaman_mercadito"")",restaurant,Puerto Viejo,T1,ok,FALSE,,,
"El Chante de Moncho - Playa Cocles, Puerto Viejo, Limón, Costa Rica",elchantedemoncho,"=HYPERLINK(""https://www.instagram.com/elchantedemoncho/"",""@elchantedemoncho"")",restaurant,Cocles,T1,ok,FALSE,,,
Chile Rojo,chili_cr,"=HYPERLINK(""https://www.instagram.com/chili_cr/"",""@chili_cr"")",restaurant,Puerto Viejo,T1,ok,FALSE,,,
Chill and Cheese Snackbar,chillcostarica,"=HYPERLINK(""https://www.instagram.com/chillcostarica/"",""@chillcostarica"")",restaurant,Puerto Viejo,T1,ok,FALSE,,,
Como en la Gloria,comoenlagloriapuertoviejo,"=HYPERLINK(""https://www.instagram.com/comoenlagloriapuertoviejo/"",""@comoenlagloriapuertoviejo"")",restaurant,Puerto Viejo,T1,ok,FALSE,,,
De Gustibus Bakery,bakerydegustibus,"=HYPERLINK(""https://www.instagram.com/bakerydegustibus/"",""@bakerydegustibus"")",restaurant,Puerto Viejo,T1,ok,FALSE,,,
La Esquina Boruca Pizzeria,laesquinaboruca,"=HYPERLINK(""https://www.instagram.com/laesquinaboruca/"",""@laesquinaboruca"")",restaurant,Puerto Viejo,T1,ok,FALSE,,,
"Gigi Beach - Playa Cocles, Puerto Viejo, Limón, Costa Rica",wearegigibeach,"=HYPERLINK(""https://www.instagram.com/wearegigibeach/"",""@wearegigibeach"")",restaurant,Cocles,T1,ok,FALSE,,,
Hot Rocks,hotrocks,"=HYPERLINK(""https://www.instagram.com/hotrocks/"",""@hotrocks"")",restaurant,Puerto Viejo,T1,ok,FALSE,,,
"Il Fiore Rosso - Playa Cocles, Puerto Viejo, Limón, Costa Rica",ilfiorerossocr,"=HYPERLINK(""https://www.instagram.com/ilfiorerossocr/"",""@ilfiorerossocr"")",restaurant,Cocles,T1,ok,FALSE,,,
KOKi Beach,kokibeach,"=HYPERLINK(""https://www.instagram.com/kokibeach/"",""@kokibeach"")",restaurant,Puerto Viejo,T1,ok,FALSE,,,
"La Leyenda de L'Antico Forno en El Establo de Bruce - Playa Chiquita, Puerto Viejo, Limón, Costa Rica",la_leyenda_pizzeria,"=HYPERLINK(""https://www.instagram.com/la_leyenda_pizzeria/"",""@la_leyenda_pizzeria"")",restaurant,Playa Chiquita,T1,ok,FALSE,,,
Lidia's Place,lidiasplace,"=HYPERLINK(""https://www.instagram.com/lidiasplace/"",""@lidiasplace"")",restaurant,Puerto Viejo,T1,ok,FALSE,,,
"Lizzie 1872 - Playa Cocles, Puerto Viejo, Limón, Costa Rica",1872restaurant_,"=HYPERLINK(""https://www.instagram.com/1872restaurant_/"",""@1872restaurant_"")",restaurant,Cocles,T1,ok,FALSE,,,
Madre Tierra,madretierra,"=HYPERLINK(""https://www.instagram.com/madretierra/"",""@madretierra"")",restaurant,Puerto Viejo,T1,ok,FALSE,,,
"Mixta Comida y Cócteles - Playa Chiquita, Puerto Viejo, Limón, Costa Rica",mixtacr,"=HYPERLINK(""https://www.instagram.com/mixtacr/"",""@mixtacr"")",restaurant,Playa Chiquita,T1,ok,FALSE,,,
Nanku,nanku.puertoviejo,"=HYPERLINK(""https://www.instagram.com/nanku.puertoviejo/"",""@nanku.puertoviejo"")",restaurant,Puerto Viejo,T1,ok,FALSE,,,
"La Nena - Playa Cocles, Puerto Viejo, Limón, Costa Rica",lanenacr,"=HYPERLINK(""https://www.instagram.com/lanenacr/"",""@lanenacr"")",restaurant,Cocles,T1,ok,FALSE,,,
"Otra Vez - Playa Chiquita, Puerto Viejo, Limón, Costa Rica",otravezplayachiquita,"=HYPERLINK(""https://www.instagram.com/otravezplayachiquita/"",""@otravezplayachiquita"")",restaurant,Playa Chiquita,T1,ok,FALSE,,,
La Parada Cafeteria,la_parada_cafeteria_cr,"=HYPERLINK(""https://www.instagram.com/la_parada_cafeteria_cr/"",""@la_parada_cafeteria_cr"")",restaurant,Puerto Viejo,T1,ok,FALSE,,,
Paradise Comida Caribeña,paradisepuertoviejo,"=HYPERLINK(""https://www.instagram.com/paradisepuertoviejo/"",""@paradisepuertoviejo"")",restaurant,Puerto Viejo,T1,ok,FALSE,,,
"Pecora Nera - Playa Cocles, Puerto Viejo, Limón, Costa Rica",lapecoraneracr,"=HYPERLINK(""https://www.instagram.com/lapecoraneracr/"",""@lapecoraneracr"")",restaurant,Cocles,T1,ok,FALSE,,,
The Point Smash Burgers,thepoint.pv,"=HYPERLINK(""https://www.instagram.com/thepoint.pv/"",""@thepoint.pv"")",restaurant,Puerto Viejo,T1,ok,FALSE,,,
Port Vell,portvellcr,"=HYPERLINK(""https://www.instagram.com/portvellcr/"",""@portvellcr"")",restaurant,Puerto Viejo,T1,ok,FALSE,,,
Puerto Pirata,puertopirata.tikibar,"=HYPERLINK(""https://www.instagram.com/puertopirata.tikibar/"",""@puertopirata.tikibar"")",restaurant,Puerto Viejo,T1,ok,FALSE,,,
"Pura Gula Restaurant - Playa Chiquita, Puerto Viejo, Limón, Costa Rica",puragularestaurante,"=HYPERLINK(""https://www.instagram.com/puragularestaurante/"",""@puragularestaurante"")",restaurant,Playa Chiquita,T1,ok,FALSE,,,
"Que Quilombo - Playa Chiquita, Puerto Viejo, Limón, Costa Rica",quequilombo.cr,"=HYPERLINK(""https://www.instagram.com/quequilombo.cr/"",""@quequilombo.cr"")",restaurant,Playa Chiquita,T1,ok,FALSE,,,
"El Refugio Grill - Playa Punta Uva, Puerto Viejo, Limón, Costa Rica",elrefugiogrill,"=HYPERLINK(""https://www.instagram.com/elrefugiogrill/"",""@elrefugiogrill"")",restaurant,Punta Uva,T1,ok,FALSE,,,
"Reggae Chill - Playa Cocles, Puerto Viejo, Limón, Costa Rica",reggaechill,"=HYPERLINK(""https://www.instagram.com/reggaechill/"",""@reggaechill"")",restaurant,Cocles,T1,ok,FALSE,,,
Restaurante Bar Tamara,tamararestaurante,"=HYPERLINK(""https://www.instagram.com/tamararestaurante/"",""@tamararestaurante"")",restaurant,Puerto Viejo,T1,ok,FALSE,,,
Restaurante Riquísimo,riqusimo,"=HYPERLINK(""https://www.instagram.com/riqusimo/"",""@riqusimo"")",restaurant,Puerto Viejo,T1,ok,FALSE,,,
"El Rincon Porteño - Playa Chiquita, Puerto Viejo, Limón, Costa Rica",elrinconporteno_pv,"=HYPERLINK(""https://www.instagram.com/elrinconporteno_pv/"",""@elrinconporteno_pv"")",restaurant,Playa Chiquita,T1,ok,FALSE,,,
Roly Caribbean Food,roly.caribbean.food,"=HYPERLINK(""https://www.instagram.com/roly.caribbean.food/"",""@roly.caribbean.food"")",restaurant,Puerto Viejo,T1,ok,FALSE,,,
"La Ruedita - Playa Chiquita, Puerto Viejo, Limón, Costa Rica",la_ruedita_cr,"=HYPERLINK(""https://www.instagram.com/la_ruedita_cr/"",""@la_ruedita_cr"")",restaurant,Playa Chiquita,T1,ok,FALSE,,,
Samurai Fusion,samurai_wolaba,"=HYPERLINK(""https://www.instagram.com/samurai_wolaba/"",""@samurai_wolaba"")",restaurant,Puerto Viejo,T1,ok,FALSE,,,
"Selvin's Restaurant and Cabinas - Playa Punta Uva, Puerto Viejo, Limón, Costa Rica",selvinsrestauranteycabinas,"=HYPERLINK(""https://www.instagram.com/selvinsrestauranteycabinas/"",""@selvinsrestauranteycabinas"")",restaurant,Punta Uva,T1,ok,FALSE,,,
El Sendero Beach Club,senderobeachclub,"=HYPERLINK(""https://www.instagram.com/senderobeachclub/"",""@senderobeachclub"")",restaurant,Puerto Viejo,T1,ok,FALSE,,,
SOCA Restaurant,socarestaurant,"=HYPERLINK(""https://www.instagram.com/socarestaurant/"",""@socarestaurant"")",restaurant,Puerto Viejo,T1,ok,FALSE,,,
"Soda Playa Chiquita - Playa Chiquita, Puerto Viejo, Limón, Costa Rica",soda_playa_chiquita_cr,"=HYPERLINK(""https://www.instagram.com/soda_playa_chiquita_cr/"",""@soda_playa_chiquita_cr"")",restaurant,Playa Chiquita,T1,ok,FALSE,,,
Soda Shekiná,soda_shekin_cr,"=HYPERLINK(""https://www.instagram.com/soda_shekin_cr/"",""@soda_shekin_cr"")",restaurant,Puerto Viejo,T1,ok,FALSE,,,
"El Sol del Caribe - Playa Cocles, Puerto Viejo, Limón, Costa Rica",resta_soldelcaribe,"=HYPERLINK(""https://www.instagram.com/resta_soldelcaribe/"",""@resta_soldelcaribe"")",restaurant,Cocles,T1,ok,FALSE,,,
Soulsurfer,soulsurfer_puertoviejo,"=HYPERLINK(""https://www.instagram.com/soulsurfer_puertoviejo/"",""@soulsurfer_puertoviejo"")",restaurant,Puerto Viejo,T1,ok,FALSE,,,
"Spicy Coconut - Playa Chiquita, Puerto Viejo, Limón, Costa Rica",spicycoconutpv,"=HYPERLINK(""https://www.instagram.com/spicycoconutpv/"",""@spicycoconutpv"")",restaurant,Playa Chiquita,T1,ok,FALSE,,,
Stashu's Con Fusion,stashusconfusion,"=HYPERLINK(""https://www.instagram.com/stashusconfusion/"",""@stashusconfusion"")",restaurant,Puerto Viejo,T1,ok,FALSE,,,
"Sushi Wave - Playa Cocles, Puerto Viejo, Limón, Costa Rica",sushiwavecocles,"=HYPERLINK(""https://www.instagram.com/sushiwavecocles/"",""@sushiwavecocles"")",restaurant,Cocles,T1,ok,FALSE,,,
Todo Es Posible,todoesposible,"=HYPERLINK(""https://www.instagram.com/todoesposible/"",""@todoesposible"")",restaurant,Puerto Viejo,T1,ok,FALSE,,,
Clan Vibes Club,clanvibes_club,"=HYPERLINK(""https://www.instagram.com/clanvibes_club/"",""@clanvibes_club"")",restaurant,Puerto Viejo,T1,ok,FALSE,,,
"Da Lime Beach Club and Restaurant - Playa Chiquita, Puerto Viejo, Limón, Costa Rica",dalime,"=HYPERLINK(""https://www.instagram.com/dalime/"",""@dalime"")",restaurant,Playa Chiquita,T1,ok,FALSE,,,
Johnny's Place,johnnysplacepv,"=HYPERLINK(""https://www.instagram.com/johnnysplacepv/"",""@johnnysplacepv"")",restaurant,Puerto Viejo,T1,ok,FALSE,,,
7 Ice Creams,7ice_creams,"=HYPERLINK(""https://www.instagram.com/7ice_creams/"",""@7ice_creams"")",restaurant,Puerto Viejo,T1,ok,FALSE,,,
"Baya Baya Café - Playa Cocles, Puerto Viejo, Limón, Costa Rica",bayabaya.puertoviejo,"=HYPERLINK(""https://www.instagram.com/bayabaya.puertoviejo/"",""@bayabaya.puertoviejo"")",restaurant,Cocles,T1,ok,FALSE,,,
Bloom Cafe & Donas,bloomdonas,"=HYPERLINK(""https://www.instagram.com/bloomdonas/"",""@bloomdonas"")",restaurant,Puerto Viejo,T1,ok,FALSE,,,
Bread and Chocolate,breadand,"=HYPERLINK(""https://www.instagram.com/breadand/"",""@breadand"")",restaurant,Puerto Viejo,T1,ok,FALSE,,,
"Café del Mar - Playa Cocles, Puerto Viejo, Limón, Costa Rica",cafedelmar.pv,"=HYPERLINK(""https://www.instagram.com/cafedelmar.pv/"",""@cafedelmar.pv"")",restaurant,Cocles,T1,ok,FALSE,,,
Calipso,calipso.caribe,"=HYPERLINK(""https://www.instagram.com/calipso.caribe/"",""@calipso.caribe"")",restaurant,Puerto Viejo,T1,ok,FALSE,,,
"Caribeans Coffee and Chocolate - Playa Cocles, Puerto Viejo, Limón, Costa Rica",caribeanscr,"=HYPERLINK(""https://www.instagram.com/caribeanscr/"",""@caribeanscr"")",restaurant,Cocles,T1,ok,FALSE,,,
Como En Mi Casa Art Cafe,comoenmicasaartcafe,"=HYPERLINK(""https://www.instagram.com/comoenmicasaartcafe/"",""@comoenmicasaartcafe"")",restaurant,Puerto Viejo,T1,ok,FALSE,,,
Gelateria Deelite,gelateriadeelite,"=HYPERLINK(""https://www.instagram.com/gelateriadeelite/"",""@gelateriadeelite"")",restaurant,Puerto Viejo,T1,ok,FALSE,,,
Iriria Specialty Coffee Shop,iriria_cafeteria,"=HYPERLINK(""https://www.instagram.com/iriria_cafeteria/"",""@iriria_cafeteria"")",restaurant,Puerto Viejo,T1,ok,FALSE,,,
Juice for Life Wolaba,juiceforlifewolaba,"=HYPERLINK(""https://www.instagram.com/juiceforlifewolaba/"",""@juiceforlifewolaba"")",restaurant,Puerto Viejo,T1,ok,FALSE,,,
Lulu's Place,lulusplace,"=HYPERLINK(""https://www.instagram.com/lulusplace/"",""@lulusplace"")",restaurant,Puerto Viejo,T1,ok,FALSE,,,
Ocho Nani,ochonani,"=HYPERLINK(""https://www.instagram.com/ochonani/"",""@ochonani"")",restaurant,Puerto Viejo,T1,ok,FALSE,,,
Pan Pay,panpay,"=HYPERLINK(""https://www.instagram.com/panpay/"",""@panpay"")",restaurant,Puerto Viejo,T1,ok,FALSE,,,
Pidiendo Cacao,pidiendocacaocr,"=HYPERLINK(""https://www.instagram.com/pidiendocacaocr/"",""@pidiendocacaocr"")",restaurant,Puerto Viejo,T1,ok,FALSE,,,
Sweet Moments,sweetmoments,"=HYPERLINK(""https://www.instagram.com/sweetmoments/"",""@sweetmoments"")",restaurant,Puerto Viejo,T1,ok,FALSE,,,
Watuza,cafeteriawatuza,"=HYPERLINK(""https://www.instagram.com/cafeteriawatuza/"",""@cafeteriawatuza"")",restaurant,Puerto Viejo,T1,ok,FALSE,,,
El Faro 13,hostelworld,"=HYPERLINK(""https://www.instagram.com/hostelworld/"",""@hostelworld"")",hostel,Puerto Viejo,T1,ok,FALSE,,,
Hotel Los Sueños,hls,"=HYPERLINK(""https://www.instagram.com/hls/"",""@hls"")",hostel,Puerto Viejo,T1,ok,FALSE,,,
Restaurante Cariblue,restaurantecariblue,"=HYPERLINK(""https://www.instagram.com/restaurantecariblue/"",""@restaurantecariblue"")",restaurant,Cocles,T1,ok,FALSE,,,
Yerbas Concepto Culinario,culinario,"=HYPERLINK(""https://www.instagram.com/culinario/"",""@culinario"")",restaurant,Puerto Viejo,T1,ok,FALSE,,,
Abba Home,abbahome_puertoviejo,"=HYPERLINK(""https://www.instagram.com/abbahome_puertoviejo/"",""@abbahome_puertoviejo"")",restaurant,Puerto Viejo,T1,ok,FALSE,,,
BERACA,beraca,"=HYPERLINK(""https://www.instagram.com/beraca/"",""@beraca"")",restaurant,Puerto Viejo,T1,ok,FALSE,,,
Buddy's Sloth Crossing,crossing,"=HYPERLINK(""https://www.instagram.com/crossing/"",""@crossing"")",restaurant,Puerto Viejo,T1,ok,FALSE,,,
CaribeZen,caribezen,"=HYPERLINK(""https://www.instagram.com/caribezen/"",""@caribezen"")",restaurant,Playa Negra,T1,ok,FALSE,,,
Casa Chilamate Day House,casachilamatedayhouse,"=HYPERLINK(""https://www.instagram.com/casachilamatedayhouse/"",""@casachilamatedayhouse"")",restaurant,Playa Negra,T1,ok,FALSE,,,
Iglesia Cristiana Casa De Restauracion,iglesiacristianacasaderestauracion,"=HYPERLINK(""https://www.instagram.com/iglesiacristianacasaderestauracion/"",""@iglesiacristianacasaderestauracion"")",restaurant,Cocles,T1,ok,FALSE,,,
Jungla del Caribeño,jungla,"=HYPERLINK(""https://www.instagram.com/jungla/"",""@jungla"")",restaurant,Playa Negra,T1,ok,FALSE,,,
La loma de burrito,la_loma,"=HYPERLINK(""https://www.instagram.com/la_loma/"",""@la_loma"")",restaurant,Playa Chiquita,T1,ok,FALSE,,,
La Paloma Studio en Coclès con cocina a,palomastudiocr,"=HYPERLINK(""https://www.instagram.com/palomastudiocr/"",""@palomastudiocr"")",restaurant,Playa Negra,T1,ok,FALSE,,,
Lapaluna,lapalunacostarica,"=HYPERLINK(""https://www.instagram.com/lapalunacostarica/"",""@lapalunacostarica"")",restaurant,Puerto Viejo,T1,ok,FALSE,,,
NAO,nao_cr,"=HYPERLINK(""https://www.instagram.com/nao_cr/"",""@nao_cr"")",restaurant,Playa Negra,T1,ok,FALSE,,,
Quinta Guarumo,quinta,"=HYPERLINK(""https://www.instagram.com/quinta/"",""@quinta"")",restaurant,Playa Negra,T1,ok,FALSE,,,
River Box Cocles,riverboxcocles,"=HYPERLINK(""https://www.instagram.com/riverboxcocles/"",""@riverboxcocles"")",restaurant,Playa Negra,T1,ok,FALSE,,,
Siren Sanctuary,siren_sanctuary,"=HYPERLINK(""https://www.instagram.com/siren_sanctuary/"",""@siren_sanctuary"")",restaurant,Cocles,T1,ok,FALSE,,,
Vindas,vindascr,"=HYPERLINK(""https://www.instagram.com/vindascr/"",""@vindascr"")",restaurant,Playa Negra,T1,ok,FALSE,,,
"Aroma Coffee Bar and Breakfast - Cahuita, Limón, Costa Rica",aroma_cahuita,"=HYPERLINK(""https://www.instagram.com/aroma_cahuita/"",""@aroma_cahuita"")",restaurant,Cahuita,T1,ok,FALSE,,,
"Asante Bistro & Café - Cahuita, Limón, Costa Rica",asante_cahuita,"=HYPERLINK(""https://www.instagram.com/asante_cahuita/"",""@asante_cahuita"")",restaurant,Cahuita,T1,ok,FALSE,,,
"Chao's Paradise - Cahuita, Limón, Costa Rica",chaos_paradise2011,"=HYPERLINK(""https://www.instagram.com/chaos_paradise2011/"",""@chaos_paradise2011"")",restaurant,Cahuita,T1,ok,FALSE,,,
"Colores Restaurant and Beach Lounge - Manzanillo, Limón, Costa Rica",coloresrestaurantandbeachloung,"=HYPERLINK(""https://www.instagram.com/coloresrestaurantandbeachloung/"",""@coloresrestaurantandbeachloung"")",restaurant,Manzanillo,T1,ok,FALSE,,,
"Hakuna Matata Hostel - Cahuita, Limón, Costa Rica",hostelhakunamatata,"=HYPERLINK(""https://www.instagram.com/hostelhakunamatata/"",""@hostelhakunamatata"")",hostel,Cahuita,T1,ok,FALSE,,,
"Pizzeria Cahuita - Cahuita, Limón, Costa Rica",pizzeriacahuita,"=HYPERLINK(""https://www.instagram.com/pizzeriacahuita/"",""@pizzeriacahuita"")",restaurant,Cahuita,T1,ok,FALSE,,,
Amimodo Beach Rooms,abr,"=HYPERLINK(""https://www.instagram.com/abr/"",""@abr"")",hotel,Puerto Viejo,T2,ok,FALSE,,,
Black Bamboo,blackbamboo_bedandbreakfast,"=HYPERLINK(""https://www.instagram.com/blackbamboo_bedandbreakfast/"",""@blackbamboo_bedandbreakfast"")",hotel,Puerto Viejo,T2,ok,FALSE,,,
Bungalows Calalú,bungalowscalal,"=HYPERLINK(""https://www.instagram.com/bungalowscalal/"",""@bungalowscalal"")",hotel,Puerto Viejo,T2,ok,FALSE,,,
Cabinas Los Almendros,cabinaslosalmendros,"=HYPERLINK(""https://www.instagram.com/cabinaslosalmendros/"",""@cabinaslosalmendros"")",hotel,Puerto Viejo,T2,ok,FALSE,,,
Cabinas Jacaranda,cabinasjacaranda,"=HYPERLINK(""https://www.instagram.com/cabinasjacaranda/"",""@cabinasjacaranda"")",hotel,Puerto Viejo,T2,ok,FALSE,,,
Cabinas Mitchaelles,cabinas_mitchaelles_cr,"=HYPERLINK(""https://www.instagram.com/cabinas_mitchaelles_cr/"",""@cabinas_mitchaelles_cr"")",hotel,Puerto Viejo,T2,ok,FALSE,,,
Cabinas Monte Sol,cms,"=HYPERLINK(""https://www.instagram.com/cms/"",""@cms"")",hotel,Puerto Viejo,T2,ok,FALSE,,,
Cabinas Mor,cabinasmorcr,"=HYPERLINK(""https://www.instagram.com/cabinasmorcr/"",""@cabinasmorcr"")",hotel,Puerto Viejo,T2,ok,FALSE,,,
Cabinas Talamanca,cabinastalamanca,"=HYPERLINK(""https://www.instagram.com/cabinastalamanca/"",""@cabinastalamanca"")",hotel,Puerto Viejo,T2,ok,FALSE,,,
Casa Ana Kimba,cak,"=HYPERLINK(""https://www.instagram.com/cak/"",""@cak"")",hotel,Puerto Viejo,T2,ok,FALSE,,,
La Casa de Rolando,la_casa_de_rolando_cr,"=HYPERLINK(""https://www.instagram.com/la_casa_de_rolando_cr/"",""@la_casa_de_rolando_cr"")",hotel,Puerto Viejo,T2,ok,FALSE,,,
Casa Dolce Vita,casadolcevita,"=HYPERLINK(""https://www.instagram.com/casadolcevita/"",""@casadolcevita"")",hotel,Puerto Viejo,T2,ok,FALSE,,,
Casitas La Playa,clp,"=HYPERLINK(""https://www.instagram.com/clp/"",""@clp"")",hotel,Puerto Viejo,T2,ok,FALSE,,,
Conga Boutique Hotel,conga_cr,"=HYPERLINK(""https://www.instagram.com/conga_cr/"",""@conga_cr"")",hotel,Puerto Viejo,T2,ok,FALSE,,,
Escape Caribeño,escape_caribeo_cr,"=HYPERLINK(""https://www.instagram.com/escape_caribeo_cr/"",""@escape_caribeo_cr"")",hotel,Puerto Viejo,T2,ok,FALSE,,,
Exotic Lodge,exoticlodge,"=HYPERLINK(""https://www.instagram.com/exoticlodge/"",""@exoticlodge"")",hotel,Puerto Viejo,T2,ok,FALSE,,,
Family Hotel,familyhotelpv,"=HYPERLINK(""https://www.instagram.com/familyhotelpv/"",""@familyhotelpv"")",hotel,Puerto Viejo,T2,ok,FALSE,,,
Hostal Cecilia,hostalcecilia,"=HYPERLINK(""https://www.instagram.com/hostalcecilia/"",""@hostalcecilia"")",hotel,Puerto Viejo,T2,ok,FALSE,,,
Hotel Casa Vito,hotelcasavito,"=HYPERLINK(""https://www.instagram.com/hotelcasavito/"",""@hotelcasavito"")",hotel,Puerto Viejo,T2,ok,FALSE,,,
Hotel Pura Vida,hotelpuravida,"=HYPERLINK(""https://www.instagram.com/hotelpuravida/"",""@hotelpuravida"")",hotel,Puerto Viejo,T2,ok,FALSE,,,
Hotel Tropical,hoteltropical,"=HYPERLINK(""https://www.instagram.com/hoteltropical/"",""@hoteltropical"")",hotel,Puerto Viejo,T2,ok,FALSE,,,
Indalo Hotel Boutique,indalohotelboutique,"=HYPERLINK(""https://www.instagram.com/indalohotelboutique/"",""@indalohotelboutique"")",hotel,Puerto Viejo,T2,ok,FALSE,,,
Lizard King Hotel,lizard_king_hotel_cr,"=HYPERLINK(""https://www.instagram.com/lizard_king_hotel_cr/"",""@lizard_king_hotel_cr"")",hotel,Puerto Viejo,T2,ok,FALSE,,,
Namu Garden Hotel and Spa,namugardenhotelspa,"=HYPERLINK(""https://www.instagram.com/namugardenhotelspa/"",""@namugardenhotelspa"")",hotel,Puerto Viejo,T2,ok,FALSE,,,
Olinca Boutique Hotel,olincaboutiquehotel,"=HYPERLINK(""https://www.instagram.com/olincaboutiquehotel/"",""@olincaboutiquehotel"")",hotel,Puerto Viejo,T2,ok,FALSE,,,
Sueño Grande Bed and Breakfast,suenograndepv,"=HYPERLINK(""https://www.instagram.com/suenograndepv/"",""@suenograndepv"")",hotel,Puerto Viejo,T2,ok,FALSE,,,
La Tica y La Gata,laticaylagata,"=HYPERLINK(""https://www.instagram.com/laticaylagata/"",""@laticaylagata"")",hotel,Puerto Viejo,T2,ok,FALSE,,,
Umami Hotel Garden Spa,umamicostarica,"=HYPERLINK(""https://www.instagram.com/umamicostarica/"",""@umamicostarica"")",hotel,Puerto Viejo,T2,ok,FALSE,,,
"Cabinas Kuákua - Playa Negra, Puerto Viejo, Limón, Costa Rica",cabinaskuakua,"=HYPERLINK(""https://www.instagram.com/cabinaskuakua/"",""@cabinaskuakua"")",hotel,Playa Negra,T2,ok,FALSE,,,
"Casitas Las Flores - Playa Negra, Puerto Viejo, Limón, Costa Rica",casitaslasflores,"=HYPERLINK(""https://www.instagram.com/casitaslasflores/"",""@casitaslasflores"")",hotel,Playa Negra,T2,ok,FALSE,,,
"Hidden Jungle Beach House - Playa Negra, Puerto Viejo, Limón, Costa Rica",hidden.jungle.beach.house,"=HYPERLINK(""https://www.instagram.com/hidden.jungle.beach.house/"",""@hidden.jungle.beach.house"")",hotel,Playa Negra,T2,ok,FALSE,,,
"Hotel One Love - Playa Negra, Puerto Viejo, Limón, Costa Rica",hotelone,"=HYPERLINK(""https://www.instagram.com/hotelone/"",""@hotelone"")",hotel,Playa Negra,T2,ok,FALSE,,,
"Iguana Lodge - Playa Negra, Puerto Viejo, Limón, Costa Rica",iguanalodge,"=HYPERLINK(""https://www.instagram.com/iguanalodge/"",""@iguanalodge"")",hotel,Playa Negra,T2,ok,FALSE,,,
"Kaya's Place - Playa Negra, Puerto Viejo, Limón, Costa Rica",kayasplace,"=HYPERLINK(""https://www.instagram.com/kayasplace/"",""@kayasplace"")",hotel,Playa Negra,T2,ok,FALSE,,,
"Olivia del Caribe - Playa Negra, Puerto Viejo, Limón, Costa Rica",oliviadelcaribe,"=HYPERLINK(""https://www.instagram.com/oliviadelcaribe/"",""@oliviadelcaribe"")",hotel,Playa Negra,T2,ok,FALSE,,,
"Perla Negra Beachfront - Playa Negra, Puerto Viejo, Limón, Costa Rica",perla_negra_beachfront,"=HYPERLINK(""https://www.instagram.com/perla_negra_beachfront/"",""@perla_negra_beachfront"")",hotel,Playa Negra,T2,ok,FALSE,,,
"La Prometida - Playa Negra, Puerto Viejo, Limón, Costa Rica",laprometidahotel,"=HYPERLINK(""https://www.instagram.com/laprometidahotel/"",""@laprometidahotel"")",hotel,Playa Negra,T2,ok,FALSE,,,
"Saranda Hotel Boutique - Playa Negra, Puerto Viejo, Limón, Costa Rica",sarandaboutiquehotel,"=HYPERLINK(""https://www.instagram.com/sarandaboutiquehotel/"",""@sarandaboutiquehotel"")",hotel,Playa Negra,T2,ok,FALSE,,,
"Sonora Jungle Retreat - Playa Negra, Puerto Viejo, Limón, Costa Rica",sonora,"=HYPERLINK(""https://www.instagram.com/sonora/"",""@sonora"")",hotel,Playa Negra,T2,ok,FALSE,,,
"Sunshine Caribe - Playa Negra, Puerto Viejo, Limón, Costa Rica",sunshine,"=HYPERLINK(""https://www.instagram.com/sunshine/"",""@sunshine"")",hotel,Playa Negra,T2,ok,FALSE,,,
"Villas Allen - Playa Negra, Puerto Viejo, Limón, Costa Rica",villasallen,"=HYPERLINK(""https://www.instagram.com/villasallen/"",""@villasallen"")",hotel,Playa Negra,T2,ok,FALSE,,,
"Bambutel - Playa Cocles, Puerto Viejo, Limón, Costa Rica",bambutel,"=HYPERLINK(""https://www.instagram.com/bambutel/"",""@bambutel"")",hotel,Cocles,T2,ok,FALSE,,,
"Cabinas Ole Caribe - Playa Cocles, Puerto Viejo, Limón, Costa Rica",cabinasolecaribe,"=HYPERLINK(""https://www.instagram.com/cabinasolecaribe/"",""@cabinasolecaribe"")",hotel,Cocles,T2,ok,FALSE,,,
"Caribe Town Resort - Playa Cocles, Puerto Viejo, Limón, Costa Rica",caribetown,"=HYPERLINK(""https://www.instagram.com/caribetown/"",""@caribetown"")",hotel,Cocles,T2,ok,FALSE,,,
"Cariblue Beach and Jungle Resort - Playa Cocles, Puerto Viejo, Limón, Costa Rica",caribluehotel,"=HYPERLINK(""https://www.instagram.com/caribluehotel/"",""@caribluehotel"")",hotel,Cocles,T2,ok,FALSE,,,
"Colina Secreta - Playa Cocles, Puerto Viejo, Limón, Costa Rica",colina,"=HYPERLINK(""https://www.instagram.com/colina/"",""@colina"")",hotel,Cocles,T2,ok,FALSE,,,
"La Costa de Papito - Playa Cocles, Puerto Viejo, Limón, Costa Rica",la_cr,"=HYPERLINK(""https://www.instagram.com/la_cr/"",""@la_cr"")",hotel,Cocles,T2,ok,FALSE,,,
"Los Delfines Lodge - Playa Cocles, Puerto Viejo, Limón, Costa Rica",losdelfines,"=HYPERLINK(""https://www.instagram.com/losdelfines/"",""@losdelfines"")",hotel,Cocles,T2,ok,FALSE,,,
"Hotel Bugabutik - Playa Cocles, Puerto Viejo, Limón, Costa Rica",hotelbugabutik,"=HYPERLINK(""https://www.instagram.com/hotelbugabutik/"",""@hotelbugabutik"")",hotel,Cocles,T2,ok,FALSE,,,
"Lanna Ban Hotel - Playa Cocles, Puerto Viejo, Limón, Costa Rica",lannabanhotel,"=HYPERLINK(""https://www.instagram.com/lannabanhotel/"",""@lannabanhotel"")",hotel,Cocles,T2,ok,FALSE,,,
"Le Caméléon - Playa Cocles, Puerto Viejo, Limón, Costa Rica",le_cr,"=HYPERLINK(""https://www.instagram.com/le_cr/"",""@le_cr"")",hotel,Cocles,T2,ok,FALSE,,,
"La Magia Bungalows - Playa Cocles, Puerto Viejo, Limón, Costa Rica",la_cr,"=HYPERLINK(""https://www.instagram.com/la_cr/"",""@la_cr"")",hotel,Cocles,T2,ok,FALSE,,,
"La Paz del Caribe - Playa Cocles, Puerto Viejo, Limón, Costa Rica",lapazdelcaribe,"=HYPERLINK(""https://www.instagram.com/lapazdelcaribe/"",""@lapazdelcaribe"")",hotel,Cocles,T2,ok,FALSE,,,
"Physis Caribbean Bed & Breakfast - Playa Cocles, Puerto Viejo, Limón, Costa Rica",pcb&b,"=HYPERLINK(""https://www.instagram.com/pcb&b/"",""@pcb&b"")",hotel,Cocles,T2,ok,FALSE,,,
"Pipa Lodge - Playa Cocles, Puerto Viejo, Limón, Costa Rica",pipalodgecr,"=HYPERLINK(""https://www.instagram.com/pipalodgecr/"",""@pipalodgecr"")",hotel,Cocles,T2,ok,FALSE,,,
"Satta Lodge - Playa Cocles, Puerto Viejo, Limón, Costa Rica",sattalodge,"=HYPERLINK(""https://www.instagram.com/sattalodge/"",""@sattalodge"")",hotel,Cocles,T2,ok,FALSE,,,
"Casitas Mar y Luz - Playa Chiquita, Puerto Viejo, Limón, Costa Rica",casitas_mar,"=HYPERLINK(""https://www.instagram.com/casitas_mar/"",""@casitas_mar"")",hotel,Playa Chiquita,T2,ok,FALSE,,,
"Green Jungle House - Playa Chiquita, Puerto Viejo, Limón, Costa Rica",greenjunglehouse,"=HYPERLINK(""https://www.instagram.com/greenjunglehouse/"",""@greenjunglehouse"")",hotel,Playa Chiquita,T2,ok,FALSE,,,
"Hotel Aguas Claras - Playa Chiquita, Puerto Viejo, Limón, Costa Rica",hotelaguasclaras,"=HYPERLINK(""https://www.instagram.com/hotelaguasclaras/"",""@hotelaguasclaras"")",hotel,Playa Chiquita,T2,ok,FALSE,,,
"Hotel Kasha - Playa Chiquita, Puerto Viejo, Limón, Costa Rica",hotelkasha,"=HYPERLINK(""https://www.instagram.com/hotelkasha/"",""@hotelkasha"")",hotel,Playa Chiquita,T2,ok,FALSE,,,
"Jaguar Inn Bungalows - Playa Chiquita, Puerto Viejo, Limón, Costa Rica",jaguarinnbungalowscr,"=HYPERLINK(""https://www.instagram.com/jaguarinnbungalowscr/"",""@jaguarinnbungalowscr"")",hotel,Playa Chiquita,T2,ok,FALSE,,,
"La Kukula Lodge - Playa Chiquita, Puerto Viejo, Limón, Costa Rica",lakukulalodge,"=HYPERLINK(""https://www.instagram.com/lakukulalodge/"",""@lakukulalodge"")",hotel,Playa Chiquita,T2,ok,FALSE,,,
"Mar Verde Lodge - Playa Chiquita, Puerto Viejo, Limón, Costa Rica",mar_verde_lodge_cr,"=HYPERLINK(""https://www.instagram.com/mar_verde_lodge_cr/"",""@mar_verde_lodge_cr"")",hotel,Playa Chiquita,T2,ok,FALSE,,,
"Namuwoki Lodge - Playa Chiquita, Puerto Viejo, Limón, Costa Rica",namuwokilodge,"=HYPERLINK(""https://www.instagram.com/namuwokilodge/"",""@namuwokilodge"")",hotel,Playa Chiquita,T2,ok,FALSE,,,
"Tierra de Suenos Lodge - Playa Chiquita, Puerto Viejo, Limón, Costa Rica",tierradesuenoslodge,"=HYPERLINK(""https://www.instagram.com/tierradesuenoslodge/"",""@tierradesuenoslodge"")",hotel,Playa Chiquita,T2,ok,FALSE,,,
"Tree House Lodge - Playa Chiquita, Puerto Viejo, Limón, Costa Rica",treehouselodge,"=HYPERLINK(""https://www.instagram.com/treehouselodge/"",""@treehouselodge"")",hotel,Playa Chiquita,T2,ok,FALSE,,,
"Villas del Caribe - Playa Chiquita, Puerto Viejo, Limón, Costa Rica",hotelvillasdelcaribe,"=HYPERLINK(""https://www.instagram.com/hotelvillasdelcaribe/"",""@hotelvillasdelcaribe"")",hotel,Playa Chiquita,T2,ok,FALSE,,,
"Awa Beach Boutique Hotel - Playa Punta Uva, Puerto Viejo, Limón, Costa Rica",awa,"=HYPERLINK(""https://www.instagram.com/awa/"",""@awa"")",hotel,Punta Uva,T2,ok,FALSE,,,
"La Ceiba Nature Reserve - Playa Punta Uva, Puerto Viejo, Limón, Costa Rica",la_cr,"=HYPERLINK(""https://www.instagram.com/la_cr/"",""@la_cr"")",hotel,Punta Uva,T2,ok,FALSE,,,
"Pachamama Jungle River Lodge - Playa Punta Uva, Puerto Viejo, Limón, Costa Rica",pachamama_jungle_river_lodge,"=HYPERLINK(""https://www.instagram.com/pachamama_jungle_river_lodge/"",""@pachamama_jungle_river_lodge"")",hotel,Punta Uva,T2,ok,FALSE,,,
"Cabinas Kinawe - Hone Creek, Limón, Costa Rica",kinawe_cabinas,"=HYPERLINK(""https://www.instagram.com/kinawe_cabinas/"",""@kinawe_cabinas"")",hotel,Hone Creek,T2,ok,FALSE,,,
"Casa Conley Del Mar - Hone Creek, Limón, Costa Rica",casaconley,"=HYPERLINK(""https://www.instagram.com/casaconley/"",""@casaconley"")",hotel,Hone Creek,T2,ok,FALSE,,,
"Hotel Hawa - Hone Creek, Limón, Costa Rica",hotelcostarica,"=HYPERLINK(""https://www.instagram.com/hotelcostarica/"",""@hotelcostarica"")",hotel,Hone Creek,T2,ok,FALSE,,,
"Orgánico Punta Riel - Hone Creek, Limón, Costa Rica",orgnico_punta,"=HYPERLINK(""https://www.instagram.com/orgnico_punta/"",""@orgnico_punta"")",hotel,Hone Creek,T2,ok,FALSE,,,
"Rancho Tranquilo - Hone Creek, Limón, Costa Rica",rt_hospedaje,"=HYPERLINK(""https://www.instagram.com/rt_hospedaje/"",""@rt_hospedaje"")",hotel,Hone Creek,T2,ok,FALSE,,,
"Samasati Yoga and Wellness Retreat - Hone Creek, Limón, Costa Rica",samasati_costa_rica,"=HYPERLINK(""https://www.instagram.com/samasati_costa_rica/"",""@samasati_costa_rica"")",hotel,Hone Creek,T2,ok,FALSE,,,
"Villa Mena Apartments - Hone Creek, Limón, Costa Rica",villa_mena_apartments_cr,"=HYPERLINK(""https://www.instagram.com/villa_mena_apartments_cr/"",""@villa_mena_apartments_cr"")",hotel,Hone Creek,T2,ok,FALSE,,,
Beach Hut,beach_hut,"=HYPERLINK(""https://www.instagram.com/beach_hut/"",""@beach_hut"")",hotel,Puerto Viejo,T2,ok,FALSE,,,
Mi Casa Hostel y Hotel El Tesoro,mi_casa_hostel_y_hotel_el_tesoro,"=HYPERLINK(""https://www.instagram.com/mi_casa_hostel_y_hotel_el_tesoro/"",""@mi_casa_hostel_y_hotel_el_tesoro"")",hotel,Cocles,T2,ok,FALSE,,,
Cabinas Orange Green,cabinas_orange,"=HYPERLINK(""https://www.instagram.com/cabinas_orange/"",""@cabinas_orange"")",hotel,Puerto Viejo,T2,ok,FALSE,,,
Cabinas Wray,cabinaswraycr,"=HYPERLINK(""https://www.instagram.com/cabinaswraycr/"",""@cabinaswraycr"")",hotel,Puerto Viejo,T2,ok,FALSE,,,
Harmony: Mini Casa Rodante by Aptos Casa Caribe,harmony_mini_casa_rodante_by_aptos_casa_caribe,"=HYPERLINK(""https://www.instagram.com/harmony_mini_casa_rodante_by_aptos_casa_caribe/"",""@harmony_mini_casa_rodante_by_aptos_casa_caribe"")",hotel,Puerto Viejo,T2,ok,FALSE,,,
Hotel Posada Nena,hotelposadanenacr,"=HYPERLINK(""https://www.instagram.com/hotelposadanenacr/"",""@hotelposadanenacr"")",hotel,Puerto Viejo,T2,ok,FALSE,,,
Lapalapa Beach Front Hotel,lapalapa_beach_front_hotel_cr,"=HYPERLINK(""https://www.instagram.com/lapalapa_beach_front_hotel_cr/"",""@lapalapa_beach_front_hotel_cr"")",hotel,Cocles,T2,ok,FALSE,,,
Las Mariposas,lasmariposas,"=HYPERLINK(""https://www.instagram.com/lasmariposas/"",""@lasmariposas"")",hotel,Playa Chiquita,T2,ok,FALSE,,,
Paula's and Daniel's Homestay,paulas_cr,"=HYPERLINK(""https://www.instagram.com/paulas_cr/"",""@paulas_cr"")",hotel,Puerto Viejo,T2,ok,FALSE,,,
Cabañas KiaMiMi,cabinaskiamimi,"=HYPERLINK(""https://www.instagram.com/cabinaskiamimi/"",""@cabinaskiamimi"")",hotel,Puerto Viejo,T2,ok,FALSE,,,
Fruit Houses,houses,"=HYPERLINK(""https://www.instagram.com/houses/"",""@houses"")",hotel,Cocles,T2,ok,FALSE,,,
Tubolwak Lodge y Garden,tubolwak,"=HYPERLINK(""https://www.instagram.com/tubolwak/"",""@tubolwak"")",hotel,Cocles,T2,ok,FALSE,,,
Villa Kandulu,kandulu,"=HYPERLINK(""https://www.instagram.com/kandulu/"",""@kandulu"")",hotel,Playa Negra,T2,ok,FALSE,,,
"3 Bamboo Ecolodge - Cahuita, Limón, Costa Rica",3_bamboo,"=HYPERLINK(""https://www.instagram.com/3_bamboo/"",""@3_bamboo"")",hotel,Cahuita,T2,ok,FALSE,,,
"Bungalow Malú Lodge - Cahuita, Limón, Costa Rica",bungalowmalu,"=HYPERLINK(""https://www.instagram.com/bungalowmalu/"",""@bungalowmalu"")",hotel,Cahuita,T2,ok,FALSE,,,
"Bungalows Sloth - Manzanillo, Limón, Costa Rica",bungalowslothcr,"=HYPERLINK(""https://www.instagram.com/bungalowslothcr/"",""@bungalowslothcr"")",hotel,Manzanillo,T2,ok,FALSE,,,
"Cabinas Algebra - Cahuita, Limón, Costa Rica",algebra,"=HYPERLINK(""https://www.instagram.com/algebra/"",""@algebra"")",hotel,Cahuita,T2,ok,FALSE,,,
"Cabinas El Mango - Bribri, Limón, Costa Rica",cabinaselmango,"=HYPERLINK(""https://www.instagram.com/cabinaselmango/"",""@cabinaselmango"")",hotel,Bribri,T2,ok,FALSE,,,
"Cabinas El Rinconcito - Gandoca, Limón, Costa Rica",cabinaselrinconcito,"=HYPERLINK(""https://www.instagram.com/cabinaselrinconcito/"",""@cabinaselrinconcito"")",hotel,Gandoca,T2,ok,FALSE,,,
"Cabinas Jenny - Cahuita, Limón, Costa Rica",cabinas_jenny,"=HYPERLINK(""https://www.instagram.com/cabinas_jenny/"",""@cabinas_jenny"")",hotel,Cahuita,T2,ok,FALSE,,,
"Cabinas Palmer Makanda - Cahuita, Limón, Costa Rica",cabinas_palmer_makanda,"=HYPERLINK(""https://www.instagram.com/cabinas_palmer_makanda/"",""@cabinas_palmer_makanda"")",hotel,Cahuita,T2,ok,FALSE,,,
"Casa Firefly Boutique Retreat - Cahuita, Limón, Costa Rica",casafirefly,"=HYPERLINK(""https://www.instagram.com/casafirefly/"",""@casafirefly"")",hotel,Cahuita,T2,ok,FALSE,,,
"Ciudad Perdida Ecolodge - Cahuita, Limón, Costa Rica",ciudad_perdida_ecolodge,"=HYPERLINK(""https://www.instagram.com/ciudad_perdida_ecolodge/"",""@ciudad_perdida_ecolodge"")",hotel,Cahuita,T2,ok,FALSE,,,
"Colibri Lodge Gandoca - Gandoca, Limón, Costa Rica",colibrilodgegandoca,"=HYPERLINK(""https://www.instagram.com/colibrilodgegandoca/"",""@colibrilodgegandoca"")",hotel,Gandoca,T2,ok,FALSE,,,
"Congo Bongo EcoVillage - Manzanillo, Limón, Costa Rica",congobongocr,"=HYPERLINK(""https://www.instagram.com/congobongocr/"",""@congobongocr"")",hotel,Manzanillo,T2,ok,FALSE,,,
"Exotico Beach - Manzanillo, Limón, Costa Rica",exoticobeach,"=HYPERLINK(""https://www.instagram.com/exoticobeach/"",""@exoticobeach"")",hotel,Manzanillo,T2,ok,FALSE,,,
"Faith Glamping Dome - Manzanillo, Limón, Costa Rica",faithglampingdomecr,"=HYPERLINK(""https://www.instagram.com/faithglampingdomecr/"",""@faithglampingdomecr"")",hotel,Manzanillo,T2,ok,FALSE,,,
"Kenaki Lodge - Cahuita, Limón, Costa Rica",kenakilodge,"=HYPERLINK(""https://www.instagram.com/kenakilodge/"",""@kenakilodge"")",hotel,Cahuita,T2,ok,FALSE,,,
"La Shamana Ecolodge - Cahuita, Limón, Costa Rica",ecolodge_lashamana,"=HYPERLINK(""https://www.instagram.com/ecolodge_lashamana/"",""@ecolodge_lashamana"")",hotel,Cahuita,T2,ok,FALSE,,,
"Manzanillo Caribbean Resort - Manzanillo, Limón, Costa Rica",manzanilloresortcr,"=HYPERLINK(""https://www.instagram.com/manzanilloresortcr/"",""@manzanilloresortcr"")",hotel,Manzanillo,T2,ok,FALSE,,,
"Passion Fruit Ecolodge - Cahuita, Limón, Costa Rica",passionfruitecolodge,"=HYPERLINK(""https://www.instagram.com/passionfruitecolodge/"",""@passionfruitecolodge"")",hotel,Cahuita,T2,ok,FALSE,,,
"Playa Negra Guesthouse - Cahuita, Limón, Costa Rica",playanegraguesthouse.cahuita,"=HYPERLINK(""https://www.instagram.com/playanegraguesthouse.cahuita/"",""@playanegraguesthouse.cahuita"")",hotel,Cahuita,T2,ok,FALSE,,,
"Shiosai Retreat Cabins - Gandoca, Limón, Costa Rica",shiosai_cabins,"=HYPERLINK(""https://www.instagram.com/shiosai_cabins/"",""@shiosai_cabins"")",hotel,Gandoca,T2,ok,FALSE,,,
"Tarponville Fishing Lodge - Manzanillo, Limón, Costa Rica",tarponville_fishing_lodge,"=HYPERLINK(""https://www.instagram.com/tarponville_fishing_lodge/"",""@tarponville_fishing_lodge"")",hotel,Manzanillo,T2,ok,FALSE,,,
Caribbean Comfort,caribbeancomfort,"=HYPERLINK(""https://www.instagram.com/caribbeancomfort/"",""@caribbeancomfort"")",vacation_rental,Puerto Viejo,T3,ok,FALSE,,,
Casa Arlecchino,arlecchino,"=HYPERLINK(""https://www.instagram.com/arlecchino/"",""@arlecchino"")",vacation_rental,Puerto Viejo,T3,ok,FALSE,,,
Casa Black Chaini,casa_black_chaini_cr,"=HYPERLINK(""https://www.instagram.com/casa_black_chaini_cr/"",""@casa_black_chaini_cr"")",vacation_rental,Puerto Viejo,T3,ok,FALSE,,,
Coconut Grove Apartamentos,coconutgroveapartamentoscr,"=HYPERLINK(""https://www.instagram.com/coconutgroveapartamentoscr/"",""@coconutgroveapartamentoscr"")",vacation_rental,Puerto Viejo,T3,ok,FALSE,,,
"Casa Roble de Playa Negra - Playa Negra, Puerto Viejo, Limón, Costa Rica",casarobledeplayanegra,"=HYPERLINK(""https://www.instagram.com/casarobledeplayanegra/"",""@casarobledeplayanegra"")",vacation_rental,Playa Negra,T3,ok,FALSE,,,
"Villa Abejita - Playa Negra, Puerto Viejo, Limón, Costa Rica",villaabejita,"=HYPERLINK(""https://www.instagram.com/villaabejita/"",""@villaabejita"")",vacation_rental,Playa Negra,T3,ok,FALSE,,,
"Villa del Mito - Playa Negra, Puerto Viejo, Limón, Costa Rica",mito,"=HYPERLINK(""https://www.instagram.com/mito/"",""@mito"")",vacation_rental,Playa Negra,T3,ok,FALSE,,,
"Magic Moon Beach House - Playa Negra, Puerto Viejo, Limón, Costa Rica",magicmoonbeachhouse,"=HYPERLINK(""https://www.instagram.com/magicmoonbeachhouse/"",""@magicmoonbeachhouse"")",vacation_rental,Playa Negra,T3,ok,FALSE,,,
"Be My Guest Cabinas - Playa Negra, Puerto Viejo, Limón, Costa Rica",bemyguestcabinas,"=HYPERLINK(""https://www.instagram.com/bemyguestcabinas/"",""@bemyguestcabinas"")",vacation_rental,Playa Negra,T3,ok,FALSE,,,
"Blessed House - Playa Negra, Puerto Viejo, Limón, Costa Rica",blessedhouse,"=HYPERLINK(""https://www.instagram.com/blessedhouse/"",""@blessedhouse"")",vacation_rental,Playa Negra,T3,ok,FALSE,,,
"Blossom Paradise Retreat - Playa Negra, Puerto Viejo, Limón, Costa Rica",blossomparadiseretreat,"=HYPERLINK(""https://www.instagram.com/blossomparadiseretreat/"",""@blossomparadiseretreat"")",vacation_rental,Playa Negra,T3,ok,FALSE,,,
"Cabinas Cable Talamanca - Playa Negra, Puerto Viejo, Limón, Costa Rica",cabinascabletalamancacr,"=HYPERLINK(""https://www.instagram.com/cabinascabletalamancacr/"",""@cabinascabletalamancacr"")",vacation_rental,Playa Negra,T3,ok,FALSE,,,
"Caripro Apartments - Playa Negra, Puerto Viejo, Limón, Costa Rica",caripro,"=HYPERLINK(""https://www.instagram.com/caripro/"",""@caripro"")",vacation_rental,Playa Negra,T3,ok,FALSE,,,
"Casa Corazon del Mar - Playa Negra, Puerto Viejo, Limón, Costa Rica",casacorazondelmar,"=HYPERLINK(""https://www.instagram.com/casacorazondelmar/"",""@casacorazondelmar"")",vacation_rental,Playa Negra,T3,ok,FALSE,,,
"Casa Galim Beach House - Playa Negra, Puerto Viejo, Limón, Costa Rica",casa_galim_beach_house,"=HYPERLINK(""https://www.instagram.com/casa_galim_beach_house/"",""@casa_galim_beach_house"")",vacation_rental,Playa Negra,T3,ok,FALSE,,,
"Casa Jeffrey - Playa Negra, Puerto Viejo, Limón, Costa Rica",casajeffreycr,"=HYPERLINK(""https://www.instagram.com/casajeffreycr/"",""@casajeffreycr"")",vacation_rental,Playa Negra,T3,ok,FALSE,,,
"Casa Luna Beach House - Playa Negra, Puerto Viejo, Limón, Costa Rica",casalunabeachhouse,"=HYPERLINK(""https://www.instagram.com/casalunabeachhouse/"",""@casalunabeachhouse"")",vacation_rental,Playa Negra,T3,ok,FALSE,,,
"Casa Ocelote - Playa Negra, Puerto Viejo, Limón, Costa Rica",casaocelote,"=HYPERLINK(""https://www.instagram.com/casaocelote/"",""@casaocelote"")",vacation_rental,Playa Negra,T3,ok,FALSE,,,
"Casa Selva - Playa Negra, Puerto Viejo, Limón, Costa Rica",casaselva,"=HYPERLINK(""https://www.instagram.com/casaselva/"",""@casaselva"")",vacation_rental,Playa Negra,T3,ok,FALSE,,,
"Casa Theia - Playa Negra, Puerto Viejo, Limón, Costa Rica",casatheia,"=HYPERLINK(""https://www.instagram.com/casatheia/"",""@casatheia"")",vacation_rental,Playa Negra,T3,ok,FALSE,,,
"Casita Kreyol - Playa Negra, Puerto Viejo, Limón, Costa Rica",casitakreyol,"=HYPERLINK(""https://www.instagram.com/casitakreyol/"",""@casitakreyol"")",vacation_rental,Playa Negra,T3,ok,FALSE,,,
"Las Casitas de Playa Negra - Playa Negra, Puerto Viejo, Limón, Costa Rica",lascasitas,"=HYPERLINK(""https://www.instagram.com/lascasitas/"",""@lascasitas"")",vacation_rental,Playa Negra,T3,ok,FALSE,,,
"Casitas Joanna - Playa Negra, Puerto Viejo, Limón, Costa Rica",casitasjoanna,"=HYPERLINK(""https://www.instagram.com/casitasjoanna/"",""@casitasjoanna"")",vacation_rental,Playa Negra,T3,ok,FALSE,,,
"Chimuri Beach Retreat - Playa Negra, Puerto Viejo, Limón, Costa Rica",chimuribeachretreatcr,"=HYPERLINK(""https://www.instagram.com/chimuribeachretreatcr/"",""@chimuribeachretreatcr"")",vacation_rental,Playa Negra,T3,ok,FALSE,,,
"Escondido Retreat - Playa Negra, Puerto Viejo, Limón, Costa Rica",escondidoretreat,"=HYPERLINK(""https://www.instagram.com/escondidoretreat/"",""@escondidoretreat"")",vacation_rental,Playa Negra,T3,ok,FALSE,,,
"Evia Life Resort - Playa Negra, Puerto Viejo, Limón, Costa Rica",eviapuertoviejo,"=HYPERLINK(""https://www.instagram.com/eviapuertoviejo/"",""@eviapuertoviejo"")",vacation_rental,Playa Negra,T3,ok,FALSE,,,
"The Mimosas Container Homes - Playa Negra, Puerto Viejo, Limón, Costa Rica",the_mimosas_container_homes,"=HYPERLINK(""https://www.instagram.com/the_mimosas_container_homes/"",""@the_mimosas_container_homes"")",vacation_rental,Playa Negra,T3,ok,FALSE,,,
"Puerto Viejo Club - Playa Negra, Puerto Viejo, Limón, Costa Rica",puertoviejoclubcr,"=HYPERLINK(""https://www.instagram.com/puertoviejoclubcr/"",""@puertoviejoclubcr"")",vacation_rental,Playa Negra,T3,ok,FALSE,,,
"Sloth House 2 - Playa Negra, Puerto Viejo, Limón, Costa Rica",slothhouse,"=HYPERLINK(""https://www.instagram.com/slothhouse/"",""@slothhouse"")",vacation_rental,Playa Negra,T3,ok,FALSE,,,
"Villa Aragon - Playa Negra, Puerto Viejo, Limón, Costa Rica",villaaragon,"=HYPERLINK(""https://www.instagram.com/villaaragon/"",""@villaaragon"")",vacation_rental,Playa Negra,T3,ok,FALSE,,,
"Villa Wolaba - Playa Negra, Puerto Viejo, Limón, Costa Rica",villawolaba,"=HYPERLINK(""https://www.instagram.com/villawolaba/"",""@villawolaba"")",vacation_rental,Playa Negra,T3,ok,FALSE,,,
"Villas Ande - Playa Negra, Puerto Viejo, Limón, Costa Rica",villasandepuertoviejo,"=HYPERLINK(""https://www.instagram.com/villasandepuertoviejo/"",""@villasandepuertoviejo"")",vacation_rental,Playa Negra,T3,ok,FALSE,,,
"Villas de la Luz - Playa Negra, Puerto Viejo, Limón, Costa Rica",villasdelaluz,"=HYPERLINK(""https://www.instagram.com/villasdelaluz/"",""@villasdelaluz"")",vacation_rental,Playa Negra,T3,ok,FALSE,,,
"Villas Luna Africana by Palmer - Playa Negra, Puerto Viejo, Limón, Costa Rica",villaslunaafricana,"=HYPERLINK(""https://www.instagram.com/villaslunaafricana/"",""@villaslunaafricana"")",vacation_rental,Playa Negra,T3,ok,FALSE,,,
"Villas Mapache del Caribe - Playa Negra, Puerto Viejo, Limón, Costa Rica",villas_mapache,"=HYPERLINK(""https://www.instagram.com/villas_mapache/"",""@villas_mapache"")",vacation_rental,Playa Negra,T3,ok,FALSE,,,
"Villas Piña - Playa Negra, Puerto Viejo, Limón, Costa Rica",villaspia,"=HYPERLINK(""https://www.instagram.com/villaspia/"",""@villaspia"")",vacation_rental,Playa Negra,T3,ok,FALSE,,,
"Villas Ríos del Caribe - Playa Negra, Puerto Viejo, Limón, Costa Rica",riosdelcaribe,"=HYPERLINK(""https://www.instagram.com/riosdelcaribe/"",""@riosdelcaribe"")",vacation_rental,Playa Negra,T3,ok,FALSE,,,
"Villas Roca del Caribe - Playa Negra, Puerto Viejo, Limón, Costa Rica",villasrocadelcaribe,"=HYPERLINK(""https://www.instagram.com/villasrocadelcaribe/"",""@villasrocadelcaribe"")",vacation_rental,Playa Negra,T3,ok,FALSE,,,
"Villas Serenidad - Playa Negra, Puerto Viejo, Limón, Costa Rica",villasserenidad,"=HYPERLINK(""https://www.instagram.com/villasserenidad/"",""@villasserenidad"")",vacation_rental,Playa Negra,T3,ok,FALSE,,,
"Yoshi's on the Beach - Playa Negra, Puerto Viejo, Limón, Costa Rica",yoshis_cr,"=HYPERLINK(""https://www.instagram.com/yoshis_cr/"",""@yoshis_cr"")",vacation_rental,Playa Negra,T3,ok,FALSE,,,
"Geckoes Lodge - Playa Cocles, Puerto Viejo, Limón, Costa Rica",geckoeslodge,"=HYPERLINK(""https://www.instagram.com/geckoeslodge/"",""@geckoeslodge"")",vacation_rental,Cocles,T3,ok,FALSE,,,
"Alloro Jungle Villas - Playa Cocles, Puerto Viejo, Limón, Costa Rica",allorojunglevillas,"=HYPERLINK(""https://www.instagram.com/allorojunglevillas/"",""@allorojunglevillas"")",vacation_rental,Cocles,T3,ok,FALSE,,,
"AroCocles - Playa Cocles, Puerto Viejo, Limón, Costa Rica",arococles,"=HYPERLINK(""https://www.instagram.com/arococles/"",""@arococles"")",vacation_rental,Cocles,T3,ok,FALSE,,,
"Azania Oasis - Playa Cocles, Puerto Viejo, Limón, Costa Rica",azaniaoasis,"=HYPERLINK(""https://www.instagram.com/azaniaoasis/"",""@azaniaoasis"")",vacation_rental,Cocles,T3,ok,FALSE,,,
"Casa Ackee - Playa Cocles, Puerto Viejo, Limón, Costa Rica",casaackee,"=HYPERLINK(""https://www.instagram.com/casaackee/"",""@casaackee"")",vacation_rental,Cocles,T3,ok,FALSE,,,
"Casa Eden Jungle Apartments - Playa Cocles, Puerto Viejo, Limón, Costa Rica",casaedenjungleapartmentscr,"=HYPERLINK(""https://www.instagram.com/casaedenjungleapartmentscr/"",""@casaedenjungleapartmentscr"")",vacation_rental,Cocles,T3,ok,FALSE,,,
"Casa Margarita - Playa Cocles, Puerto Viejo, Limón, Costa Rica",casamargarita,"=HYPERLINK(""https://www.instagram.com/casamargarita/"",""@casamargarita"")",vacation_rental,Cocles,T3,ok,FALSE,,,
"Casa Mariposa - Playa Cocles, Puerto Viejo, Limón, Costa Rica",casamariposa,"=HYPERLINK(""https://www.instagram.com/casamariposa/"",""@casamariposa"")",vacation_rental,Cocles,T3,ok,FALSE,,,
"Casa Modí - Playa Cocles, Puerto Viejo, Limón, Costa Rica",casamod,"=HYPERLINK(""https://www.instagram.com/casamod/"",""@casamod"")",vacation_rental,Cocles,T3,ok,FALSE,,,
"La Casita de Cocles - Playa Cocles, Puerto Viejo, Limón, Costa Rica",la_cr,"=HYPERLINK(""https://www.instagram.com/la_cr/"",""@la_cr"")",vacation_rental,Cocles,T3,ok,FALSE,,,
"Dano's Cabano - Playa Cocles, Puerto Viejo, Limón, Costa Rica",danoscostarica,"=HYPERLINK(""https://www.instagram.com/danoscostarica/"",""@danoscostarica"")",vacation_rental,Cocles,T3,ok,FALSE,,,
"David Valley Houses - Playa Cocles, Puerto Viejo, Limón, Costa Rica",davidvalleyhouses,"=HYPERLINK(""https://www.instagram.com/davidvalleyhouses/"",""@davidvalleyhouses"")",vacation_rental,Cocles,T3,ok,FALSE,,,
"La Finca Chica - Playa Cocles, Puerto Viejo, Limón, Costa Rica",fincachica,"=HYPERLINK(""https://www.instagram.com/fincachica/"",""@fincachica"")",vacation_rental,Cocles,T3,ok,FALSE,,,
"Flor del Caribe - Playa Cocles, Puerto Viejo, Limón, Costa Rica",flordelcaribe,"=HYPERLINK(""https://www.instagram.com/flordelcaribe/"",""@flordelcaribe"")",vacation_rental,Cocles,T3,ok,FALSE,,,
"Habitat Vacation Rentals - Playa Cocles, Puerto Viejo, Limón, Costa Rica",habitatpuertoviejo,"=HYPERLINK(""https://www.instagram.com/habitatpuertoviejo/"",""@habitatpuertoviejo"")",vacation_rental,Cocles,T3,ok,FALSE,,,
"Ocean's Breeze Apartment and Rooms - Playa Cocles, Puerto Viejo, Limón, Costa Rica",oceansbreeze,"=HYPERLINK(""https://www.instagram.com/oceansbreeze/"",""@oceansbreeze"")",vacation_rental,Cocles,T3,ok,FALSE,,,
"Las Palomas - Playa Cocles, Puerto Viejo, Limón, Costa Rica",laspalomas,"=HYPERLINK(""https://www.instagram.com/laspalomas/"",""@laspalomas"")",vacation_rental,Cocles,T3,ok,FALSE,,,
"La Perla del Caribe - Playa Cocles, Puerto Viejo, Limón, Costa Rica",laperladelcaribe,"=HYPERLINK(""https://www.instagram.com/laperladelcaribe/"",""@laperladelcaribe"")",vacation_rental,Cocles,T3,ok,FALSE,,,
"Terrazas del Caribe - Playa Cocles, Puerto Viejo, Limón, Costa Rica",terrazasdelcaribehotel,"=HYPERLINK(""https://www.instagram.com/terrazasdelcaribehotel/"",""@terrazasdelcaribehotel"")",vacation_rental,Cocles,T3,ok,FALSE,,,
"Treevana - Playa Cocles, Puerto Viejo, Limón, Costa Rica",treevana_cr,"=HYPERLINK(""https://www.instagram.com/treevana_cr/"",""@treevana_cr"")",vacation_rental,Cocles,T3,ok,FALSE,,,
"El Tucán Feliz - Playa Cocles, Puerto Viejo, Limón, Costa Rica",eltucanfeliz,"=HYPERLINK(""https://www.instagram.com/eltucanfeliz/"",""@eltucanfeliz"")",vacation_rental,Cocles,T3,ok,FALSE,,,
"Villa Elita - Playa Cocles, Puerto Viejo, Limón, Costa Rica",villaelita,"=HYPERLINK(""https://www.instagram.com/villaelita/"",""@villaelita"")",vacation_rental,Cocles,T3,ok,FALSE,,,
"Villas Lomas del Caribe - Playa Cocles, Puerto Viejo, Limón, Costa Rica",lomasdelcaribevillas,"=HYPERLINK(""https://www.instagram.com/lomasdelcaribevillas/"",""@lomasdelcaribevillas"")",vacation_rental,Cocles,T3,ok,FALSE,,,
"Caribbean Courtyard Villa - Playa Chiquita, Puerto Viejo, Limón, Costa Rica",caribbeancourtyard,"=HYPERLINK(""https://www.instagram.com/caribbeancourtyard/"",""@caribbeancourtyard"")",vacation_rental,Playa Chiquita,T3,ok,FALSE,,,
"Casa Ambar - Playa Chiquita, Puerto Viejo, Limón, Costa Rica",casaambar,"=HYPERLINK(""https://www.instagram.com/casaambar/"",""@casaambar"")",vacation_rental,Playa Chiquita,T3,ok,FALSE,,,
"Casa Moabi - Playa Chiquita, Puerto Viejo, Limón, Costa Rica",casa_moabi,"=HYPERLINK(""https://www.instagram.com/casa_moabi/"",""@casa_moabi"")",vacation_rental,Playa Chiquita,T3,ok,FALSE,,,
"Casa Osos Caribeños - Playa Chiquita, Puerto Viejo, Limón, Costa Rica",casa_osos_caribeos,"=HYPERLINK(""https://www.instagram.com/casa_osos_caribeos/"",""@casa_osos_caribeos"")",vacation_rental,Playa Chiquita,T3,ok,FALSE,,,
"Casas del Caribe - Playa Chiquita, Puerto Viejo, Limón, Costa Rica",casasdelcaribe,"=HYPERLINK(""https://www.instagram.com/casasdelcaribe/"",""@casasdelcaribe"")",vacation_rental,Playa Chiquita,T3,ok,FALSE,,,
"Casas La Selvatica - Playa Chiquita, Puerto Viejo, Limón, Costa Rica",laselvaticacostarica,"=HYPERLINK(""https://www.instagram.com/laselvaticacostarica/"",""@laselvaticacostarica"")",vacation_rental,Playa Chiquita,T3,ok,FALSE,,,
"Chiquita Escondida - Playa Chiquita, Puerto Viejo, Limón, Costa Rica",chiquitaescondida,"=HYPERLINK(""https://www.instagram.com/chiquitaescondida/"",""@chiquitaescondida"")",vacation_rental,Playa Chiquita,T3,ok,FALSE,,,
"Luna Caribeña Village - Playa Chiquita, Puerto Viejo, Limón, Costa Rica",lunacaribea,"=HYPERLINK(""https://www.instagram.com/lunacaribea/"",""@lunacaribea"")",vacation_rental,Playa Chiquita,T3,ok,FALSE,,,
"Pura Bali Villas - Playa Chiquita, Puerto Viejo, Limón, Costa Rica",purabalivillas,"=HYPERLINK(""https://www.instagram.com/purabalivillas/"",""@purabalivillas"")",vacation_rental,Playa Chiquita,T3,ok,FALSE,,,
"Tres Lodge - Playa Chiquita, Puerto Viejo, Limón, Costa Rica",treslodge,"=HYPERLINK(""https://www.instagram.com/treslodge/"",""@treslodge"")",vacation_rental,Playa Chiquita,T3,ok,FALSE,,,
"Uva Blue Jungle Villas - Playa Chiquita, Puerto Viejo, Limón, Costa Rica",uvabluevillas,"=HYPERLINK(""https://www.instagram.com/uvabluevillas/"",""@uvabluevillas"")",vacation_rental,Playa Chiquita,T3,ok,FALSE,,,
"Villa Cabú - Playa Chiquita, Puerto Viejo, Limón, Costa Rica",villacab,"=HYPERLINK(""https://www.instagram.com/villacab/"",""@villacab"")",vacation_rental,Playa Chiquita,T3,ok,FALSE,,,
"Villa Casa Azul y Arena Blanca Apartamentos - Playa Chiquita, Puerto Viejo, Limón, Costa Rica",vcayaba,"=HYPERLINK(""https://www.instagram.com/vcayaba/"",""@vcayaba"")",vacation_rental,Playa Chiquita,T3,ok,FALSE,,,
"Villa del Mar - Playa Chiquita, Puerto Viejo, Limón, Costa Rica",villadelmar,"=HYPERLINK(""https://www.instagram.com/villadelmar/"",""@villadelmar"")",vacation_rental,Playa Chiquita,T3,ok,FALSE,,,
"Big Tree Wildlife Refuge - Playa Punta Uva, Puerto Viejo, Limón, Costa Rica",bigtree.costarica,"=HYPERLINK(""https://www.instagram.com/bigtree.costarica/"",""@bigtree.costarica"")",vacation_rental,Punta Uva,T3,ok,FALSE,,,
"Bungalows Punta Uva - Playa Punta Uva, Puerto Viejo, Limón, Costa Rica",bungalows_puntauva,"=HYPERLINK(""https://www.instagram.com/bungalows_puntauva/"",""@bungalows_puntauva"")",vacation_rental,Punta Uva,T3,ok,FALSE,,,
"Casa Cielo - Playa Punta Uva, Puerto Viejo, Limón, Costa Rica",casacielo,"=HYPERLINK(""https://www.instagram.com/casacielo/"",""@casacielo"")",vacation_rental,Punta Uva,T3,ok,FALSE,,,
"Casa de la Musa - Playa Punta Uva, Puerto Viejo, Limón, Costa Rica",casadelamusa,"=HYPERLINK(""https://www.instagram.com/casadelamusa/"",""@casadelamusa"")",vacation_rental,Punta Uva,T3,ok,FALSE,,,
"Casa De La Trepada - Playa Punta Uva, Puerto Viejo, Limón, Costa Rica",casa_de,"=HYPERLINK(""https://www.instagram.com/casa_de/"",""@casa_de"")",vacation_rental,Punta Uva,T3,ok,FALSE,,,
"Casa Matix - Playa Punta Uva, Puerto Viejo, Limón, Costa Rica",casamatix,"=HYPERLINK(""https://www.instagram.com/casamatix/"",""@casamatix"")",vacation_rental,Punta Uva,T3,ok,FALSE,,,
"Casa Viva - Playa Punta Uva, Puerto Viejo, Limón, Costa Rica",casavivalodge,"=HYPERLINK(""https://www.instagram.com/casavivalodge/"",""@casavivalodge"")",vacation_rental,Punta Uva,T3,ok,FALSE,,,
"Ginger and Cacao - Playa Punta Uva, Puerto Viejo, Limón, Costa Rica",gingerandcacao,"=HYPERLINK(""https://www.instagram.com/gingerandcacao/"",""@gingerandcacao"")",vacation_rental,Punta Uva,T3,ok,FALSE,,,
"Olguita's Place - Playa Punta Uva, Puerto Viejo, Limón, Costa Rica",olguitasplace,"=HYPERLINK(""https://www.instagram.com/olguitasplace/"",""@olguitasplace"")",vacation_rental,Punta Uva,T3,ok,FALSE,,,
"Our Beachfront Bungalow - Playa Punta Uva, Puerto Viejo, Limón, Costa Rica",our_beachfront,"=HYPERLINK(""https://www.instagram.com/our_beachfront/"",""@our_beachfront"")",vacation_rental,Punta Uva,T3,ok,FALSE,,,
"Los Proyectos Moderno - Playa Punta Uva, Puerto Viejo, Limón, Costa Rica",losproyectos,"=HYPERLINK(""https://www.instagram.com/losproyectos/"",""@losproyectos"")",vacation_rental,Punta Uva,T3,ok,FALSE,,,
"Villa Soleil et Paquerette - Playa Punta Uva, Puerto Viejo, Limón, Costa Rica",soleil_paquerette,"=HYPERLINK(""https://www.instagram.com/soleil_paquerette/"",""@soleil_paquerette"")",vacation_rental,Punta Uva,T3,ok,FALSE,,,
"Villas Itaita - Playa Punta Uva, Puerto Viejo, Limón, Costa Rica",villasitaitacr,"=HYPERLINK(""https://www.instagram.com/villasitaitacr/"",""@villasitaitacr"")",vacation_rental,Punta Uva,T3,ok,FALSE,,,
"Wabi Sabi - Playa Punta Uva, Puerto Viejo, Limón, Costa Rica",wabisabi,"=HYPERLINK(""https://www.instagram.com/wabisabi/"",""@wabisabi"")",vacation_rental,Punta Uva,T3,ok,FALSE,,,
"Finca Don Litos - Hone Creek, Limón, Costa Rica",finca_don_litos,"=HYPERLINK(""https://www.instagram.com/finca_don_litos/"",""@finca_don_litos"")",vacation_rental,Hone Creek,T3,ok,FALSE,,,
"Villas Diwo - Hone Creek, Limón, Costa Rica",villasdiwo,"=HYPERLINK(""https://www.instagram.com/villasdiwo/"",""@villasdiwo"")",vacation_rental,Hone Creek,T3,ok,FALSE,,,
Aloe Boutique,aloeboutique,"=HYPERLINK(""https://www.instagram.com/aloeboutique/"",""@aloeboutique"")",shopping,Puerto Viejo,T3,ok,FALSE,,,
Cantik at Home,cantikathome,"=HYPERLINK(""https://www.instagram.com/cantikathome/"",""@cantikathome"")",shopping,Puerto Viejo,T3,ok,FALSE,,,
"Casa Mandala - Playa Chiquita, Puerto Viejo, Limón, Costa Rica",casamandala.costarica,"=HYPERLINK(""https://www.instagram.com/casamandala.costarica/"",""@casamandala.costarica"")",shopping,Playa Chiquita,T3,ok,FALSE,,,
DiTown Shop,ditownshop,"=HYPERLINK(""https://www.instagram.com/ditownshop/"",""@ditownshop"")",shopping,Puerto Viejo,T3,ok,FALSE,,,
Luna May,lunamay.cr,"=HYPERLINK(""https://www.instagram.com/lunamay.cr/"",""@lunamay.cr"")",shopping,Puerto Viejo,T3,ok,FALSE,,,
Naturama Store,naturamastore,"=HYPERLINK(""https://www.instagram.com/naturamastore/"",""@naturamastore"")",shopping,Puerto Viejo,T3,ok,FALSE,,,
Samoa Boutique,samoa_boutique,"=HYPERLINK(""https://www.instagram.com/samoa_boutique/"",""@samoa_boutique"")",shopping,Puerto Viejo,T3,ok,FALSE,,,
Tienda Caribe,caribe_tienda,"=HYPERLINK(""https://www.instagram.com/caribe_tienda/"",""@caribe_tienda"")",shopping,Puerto Viejo,T3,ok,FALSE,,,
"Almacen San Francisco - Playa Negra, Puerto Viejo, Limón, Costa Rica",almacensanfrancisco,"=HYPERLINK(""https://www.instagram.com/almacensanfrancisco/"",""@almacensanfrancisco"")",shopping,Playa Negra,T3,ok,FALSE,,,
"FerreCocles - Playa Cocles, Puerto Viejo, Limón, Costa Rica",ferrecocles,"=HYPERLINK(""https://www.instagram.com/ferrecocles/"",""@ferrecocles"")",shopping,Cocles,T3,ok,FALSE,,,
"Cervecera Tierra y Libertad - Hone Creek, Limón, Costa Rica",cerveceratyl,"=HYPERLINK(""https://www.instagram.com/cerveceratyl/"",""@cerveceratyl"")",shopping,Hone Creek,T3,ok,FALSE,,,
Red Monkey Liquor Store,red_cr,"=HYPERLINK(""https://www.instagram.com/red_cr/"",""@red_cr"")",shopping,Puerto Viejo,T3,ok,FALSE,,,
Electro Office,electrooffice,"=HYPERLINK(""https://www.instagram.com/electrooffice/"",""@electrooffice"")",shopping,Puerto Viejo,T3,ok,FALSE,,,
"Flor de China - Playa Negra, Puerto Viejo, Limón, Costa Rica",flordechina,"=HYPERLINK(""https://www.instagram.com/flordechina/"",""@flordechina"")",shopping,Playa Negra,T3,ok,FALSE,,,
"Farmacia Don Manuel - Playa Cocles, Puerto Viejo, Limón, Costa Rica",farmaciasdonmanuel,"=HYPERLINK(""https://www.instagram.com/farmaciasdonmanuel/"",""@farmaciasdonmanuel"")",shopping,Cocles,T3,ok,FALSE,,,
La Pitaya,lapitayapuertoviejo,"=HYPERLINK(""https://www.instagram.com/lapitayapuertoviejo/"",""@lapitayapuertoviejo"")",shopping,Puerto Viejo,T3,ok,FALSE,,,
Tienda del Mar,tiendadelmarcr,"=HYPERLINK(""https://www.instagram.com/tiendadelmarcr/"",""@tiendadelmarcr"")",shopping,Puerto Viejo,T3,ok,FALSE,,,
Wanderlust,wanderlustpuertoviejo,"=HYPERLINK(""https://www.instagram.com/wanderlustpuertoviejo/"",""@wanderlustpuertoviejo"")",shopping,Puerto Viejo,T3,ok,FALSE,,,
Puerto Viejo Farmers and Artisans Market,pvfarmersmarket,"=HYPERLINK(""https://www.instagram.com/pvfarmersmarket/"",""@pvfarmersmarket"")",shopping,Puerto Viejo,T3,ok,FALSE,,,
Centro de Carnes Canada,centrodecarnescanada,"=HYPERLINK(""https://www.instagram.com/centrodecarnescanada/"",""@centrodecarnescanada"")",shopping,Puerto Viejo,T3,ok,FALSE,,,
El Diamante,eldiamante,"=HYPERLINK(""https://www.instagram.com/eldiamante/"",""@eldiamante"")",shopping,Puerto Viejo,T3,ok,FALSE,,,
"El Duende Gourmet - Playa Chiquita, Puerto Viejo, Limón, Costa Rica",elduendegourmet,"=HYPERLINK(""https://www.instagram.com/elduendegourmet/"",""@elduendegourmet"")",shopping,Playa Chiquita,T3,ok,FALSE,,,
Mariscos Mopri,mariscoscostarica,"=HYPERLINK(""https://www.instagram.com/mariscoscostarica/"",""@mariscoscostarica"")",shopping,Puerto Viejo,T3,ok,FALSE,,,
Mercadito Puerto Viejo,mercadito1_pv,"=HYPERLINK(""https://www.instagram.com/mercadito1_pv/"",""@mercadito1_pv"")",shopping,Puerto Viejo,T3,ok,FALSE,,,
"Super Banana Gourmet Market - Playa Negra, Puerto Viejo, Limón, Costa Rica",superbananagourmetmarket,"=HYPERLINK(""https://www.instagram.com/superbananagourmetmarket/"",""@superbananagourmetmarket"")",shopping,Playa Negra,T3,ok,FALSE,,,
Value Mart Puerto Viejo,valuemartcr,"=HYPERLINK(""https://www.instagram.com/valuemartcr/"",""@valuemartcr"")",shopping,Puerto Viejo,T3,ok,FALSE,,,
Automotriz Danny,automotrizdanny,"=HYPERLINK(""https://www.instagram.com/automotrizdanny/"",""@automotrizdanny"")",services,Puerto Viejo,T3,ok,FALSE,,,
Casa de la Cultura,casadelaculturapv,"=HYPERLINK(""https://www.instagram.com/casadelaculturapv/"",""@casadelaculturapv"")",services,Puerto Viejo,T3,ok,FALSE,,,
"Chamber of Tourism and Commerce Caribe Sur - Playa Negra, Puerto Viejo, Limón, Costa Rica",catccas,"=HYPERLINK(""https://www.instagram.com/catccas/"",""@catccas"")",services,Playa Negra,T3,ok,FALSE,,,
"El Puente-The Bridge - Playa Negra, Puerto Viejo, Limón, Costa Rica",elpuentethebridge,"=HYPERLINK(""https://www.instagram.com/elpuentethebridge/"",""@elpuentethebridge"")",services,Playa Negra,T3,ok,FALSE,,,
Caribe Dental,caribedental,"=HYPERLINK(""https://www.instagram.com/caribedental/"",""@caribedental"")",services,Puerto Viejo,T3,ok,FALSE,,,
Centro Médico Aruma,centromedicoaruma,"=HYPERLINK(""https://www.instagram.com/centromedicoaruma/"",""@centromedicoaruma"")",services,Puerto Viejo,T3,ok,FALSE,,,
Clínica de Especialidades Médicas San Gabriel,clnica_de_especialidades_mdicas_san_gabriel_cr,"=HYPERLINK(""https://www.instagram.com/clnica_de_especialidades_mdicas_san_gabriel_cr/"",""@clnica_de_especialidades_mdicas_san_gabriel_cr"")",services,Puerto Viejo,T3,ok,FALSE,,,
Clínica Dental Yani,cdy,"=HYPERLINK(""https://www.instagram.com/cdy/"",""@cdy"")",services,Puerto Viejo,T3,ok,FALSE,,,
"Hone Creek Clinic - Hone Creek, Limón, Costa Rica",honecreekcliniccr,"=HYPERLINK(""https://www.instagram.com/honecreekcliniccr/"",""@honecreekcliniccr"")",services,Hone Creek,T3,ok,FALSE,,,
Laboratorio Bioclinic,laboratoriobioclinic,"=HYPERLINK(""https://www.instagram.com/laboratoriobioclinic/"",""@laboratoriobioclinic"")",services,Puerto Viejo,T3,ok,FALSE,,,
"Laboratorio Clínico Leysa - Playa Negra, Puerto Viejo, Limón, Costa Rica",laboratorioclnicoleysa,"=HYPERLINK(""https://www.instagram.com/laboratorioclnicoleysa/"",""@laboratorioclnicoleysa"")",services,Playa Negra,T3,ok,FALSE,,,
Lavandería La Estrella,lavandera_la_estrella,"=HYPERLINK(""https://www.instagram.com/lavandera_la_estrella/"",""@lavandera_la_estrella"")",services,Puerto Viejo,T3,ok,FALSE,,,
Washboard,washboard.cr,"=HYPERLINK(""https://www.instagram.com/washboard.cr/"",""@washboard.cr"")",services,Puerto Viejo,T3,ok,FALSE,,,
"We Do Laundry - Hone Creek, Limón, Costa Rica",laundry,"=HYPERLINK(""https://www.instagram.com/laundry/"",""@laundry"")",services,Hone Creek,T3,ok,FALSE,,,
Ambar Tattoo Space,ambar.tattoospace,"=HYPERLINK(""https://www.instagram.com/ambar.tattoospace/"",""@ambar.tattoospace"")",services,Puerto Viejo,T3,ok,FALSE,,,
Caribe Love Tattoo,caribelovetattoo,"=HYPERLINK(""https://www.instagram.com/caribelovetattoo/"",""@caribelovetattoo"")",services,Puerto Viejo,T3,ok,FALSE,,,
Cosmos Puerto Viejo Tattoo,cosmos.puertoviejotattoo,"=HYPERLINK(""https://www.instagram.com/cosmos.puertoviejotattoo/"",""@cosmos.puertoviejotattoo"")",services,Puerto Viejo,T3,ok,FALSE,,,
Earth to Skin,earthtoskin,"=HYPERLINK(""https://www.instagram.com/earthtoskin/"",""@earthtoskin"")",services,Puerto Viejo,T3,ok,FALSE,,,
"Indulgence Spa - Playa Cocles, Puerto Viejo, Limón, Costa Rica",_indulgencespa,"=HYPERLINK(""https://www.instagram.com/_indulgencespa/"",""@_indulgencespa"")",services,Cocles,T3,ok,FALSE,,,
"Kona Wellness Shala - Playa Cocles, Puerto Viejo, Limón, Costa Rica",konashala,"=HYPERLINK(""https://www.instagram.com/konashala/"",""@konashala"")",services,Cocles,T3,ok,FALSE,,,
Old Harbour Gym,ohg,"=HYPERLINK(""https://www.instagram.com/ohg/"",""@ohg"")",services,Puerto Viejo,T3,ok,FALSE,,,
Pure Jungle Spa,purejunglespa,"=HYPERLINK(""https://www.instagram.com/purejunglespa/"",""@purejunglespa"")",services,Puerto Viejo,T3,ok,FALSE,,,
"Surya Spa - Playa Cocles, Puerto Viejo, Limón, Costa Rica",surya,"=HYPERLINK(""https://www.instagram.com/surya/"",""@surya"")",services,Cocles,T3,ok,FALSE,,,
Svastha Yoga & Ayurveda Café,svasthacr,"=HYPERLINK(""https://www.instagram.com/svasthacr/"",""@svasthacr"")",services,Puerto Viejo,T3,ok,FALSE,,,
La Tinta Tropical,latintatropical,"=HYPERLINK(""https://www.instagram.com/latintatropical/"",""@latintatropical"")",services,Puerto Viejo,T3,ok,FALSE,,,
Puerto Viejo Dogs,puertoviejodogs,"=HYPERLINK(""https://www.instagram.com/puertoviejodogs/"",""@puertoviejodogs"")",services,Puerto Viejo,T3,ok,FALSE,,,
Central de Mascotas,central_de_mascotas,"=HYPERLINK(""https://www.instagram.com/central_de_mascotas/"",""@central_de_mascotas"")",services,Puerto Viejo,T3,ok,FALSE,,,
Clínica Veterinaria Arroyo y Solano,clnica,"=HYPERLINK(""https://www.instagram.com/clnica/"",""@clnica"")",services,Puerto Viejo,T3,ok,FALSE,,,
Ciclo Tuanis,ciclo_tuanis_cr,"=HYPERLINK(""https://www.instagram.com/ciclo_tuanis_cr/"",""@ciclo_tuanis_cr"")",services,Puerto Viejo,T3,ok,FALSE,,,
Puerto Viejo Bike Rentals,puertoviejobikerentals,"=HYPERLINK(""https://www.instagram.com/puertoviejobikerentals/"",""@puertoviejobikerentals"")",services,Puerto Viejo,T3,ok,FALSE,,,
"Pura Ride by Ciclo Cocles - Playa Cocles, Puerto Viejo, Limón, Costa Rica",puraride_rent,"=HYPERLINK(""https://www.instagram.com/puraride_rent/"",""@puraride_rent"")",services,Cocles,T3,ok,FALSE,,,
PC Caribe Soluciones Informáticas,pccaribesolucionesinformticas,"=HYPERLINK(""https://www.instagram.com/pccaribesolucionesinformticas/"",""@pccaribesolucionesinformticas"")",services,Puerto Viejo,T3,ok,FALSE,,,
"Proyecto Educativo Semillas de Paz - Playa Chiquita, Puerto Viejo, Limón, Costa Rica",proyecto_educativo_semillas_de_paz_cr,"=HYPERLINK(""https://www.instagram.com/proyecto_educativo_semillas_de_paz_cr/"",""@proyecto_educativo_semillas_de_paz_cr"")",services,Playa Chiquita,T3,ok,FALSE,,,
Spanish by the Sea,spanishbythesea,"=HYPERLINK(""https://www.instagram.com/spanishbythesea/"",""@spanishbythesea"")",services,Puerto Viejo,T3,ok,FALSE,,,
Spanish School Pura Vida,spanish_school,"=HYPERLINK(""https://www.instagram.com/spanish_school/"",""@spanish_school"")",services,Puerto Viejo,T3,ok,FALSE,,,
"Veronica's Place Cooking Class - Playa Cocles, Puerto Viejo, Limón, Costa Rica",veronicas_place,"=HYPERLINK(""https://www.instagram.com/veronicas_place/"",""@veronicas_place"")",services,Cocles,T3,ok,FALSE,,,
"Correos de CR - Playa Negra, Puerto Viejo, Limón, Costa Rica",CorreosCR,"=HYPERLINK(""https://www.instagram.com/CorreosCR/"",""@CorreosCR"")",services,Playa Negra,T3,ok,FALSE,,,
Elena De Luca Studio,elenadelucastudio,"=HYPERLINK(""https://www.instagram.com/elenadelucastudio/"",""@elenadelucastudio"")",services,Puerto Viejo,T3,ok,FALSE,,,
Sea Breeze Events,seabreezeevents,"=HYPERLINK(""https://www.instagram.com/seabreezeevents/"",""@seabreezeevents"")",services,Puerto Viejo,T3,ok,FALSE,,,
"Tico Surf and Skate - Playa Cocles, Puerto Viejo, Limón, Costa Rica",ticosurfcaribe,"=HYPERLINK(""https://www.instagram.com/ticosurfcaribe/"",""@ticosurfcaribe"")",services,Cocles,T3,ok,FALSE,,,
"Cacao Trails Bole - Hone Creek, Limón, Costa Rica",cacaotrailsbole,"=HYPERLINK(""https://www.instagram.com/cacaotrailsbole/"",""@cacaotrailsbole"")",tour_company,Hone Creek,T3,ok,FALSE,,,
"Caribe Horse Riding Club - Playa Cocles, Puerto Viejo, Limón, Costa Rica",caribe_cr,"=HYPERLINK(""https://www.instagram.com/caribe_cr/"",""@caribe_cr"")",tour_company,Cocles,T3,ok,FALSE,,,
Exploradores Outdoors,outdoors,"=HYPERLINK(""https://www.instagram.com/outdoors/"",""@outdoors"")",tour_company,Puerto Viejo,T3,ok,FALSE,,,
"Finca La Isla Botanical Garden - Playa Negra, Puerto Viejo, Limón, Costa Rica",finca_la_isla_botanical_garden_cr,"=HYPERLINK(""https://www.instagram.com/finca_la_isla_botanical_garden_cr/"",""@finca_la_isla_botanical_garden_cr"")",tour_company,Playa Negra,T3,ok,FALSE,,,
"Finca Tierra - Playa Cocles, Puerto Viejo, Limón, Costa Rica",fincatierra,"=HYPERLINK(""https://www.instagram.com/fincatierra/"",""@fincatierra"")",tour_company,Cocles,T3,ok,FALSE,,,
"Green Water SUP Tours - Playa Punta Uva, Puerto Viejo, Limón, Costa Rica",greenwater,"=HYPERLINK(""https://www.instagram.com/greenwater/"",""@greenwater"")",tour_company,Punta Uva,T3,ok,FALSE,,,
Hidden Garden Ethnobotanical Sanctuary,hiddengardenethnobotanicalsanctuary,"=HYPERLINK(""https://www.instagram.com/hiddengardenethnobotanicalsanctuary/"",""@hiddengardenethnobotanicalsanctuary"")",tour_company,Puerto Viejo,T3,ok,FALSE,,,
"Jaguar Rescue Center - Playa Chiquita, Puerto Viejo, Limón, Costa Rica",jaguarrescuecentercr,"=HYPERLINK(""https://www.instagram.com/jaguarrescuecentercr/"",""@jaguarrescuecentercr"")",tour_company,Playa Chiquita,T3,ok,FALSE,,,
"Punta Uva Dive Center - Playa Punta Uva, Puerto Viejo, Limón, Costa Rica",puntacostarica,"=HYPERLINK(""https://www.instagram.com/puntacostarica/"",""@puntacostarica"")",tour_company,Punta Uva,T3,ok,FALSE,,,
"Ride the Rainforest - Playa Chiquita, Puerto Viejo, Limón, Costa Rica",ridetherainforestcostarica,"=HYPERLINK(""https://www.instagram.com/ridetherainforestcostarica/"",""@ridetherainforestcostarica"")",tour_company,Playa Chiquita,T3,ok,FALSE,,,
Adobe EasyCar Rent a Car,adobeeasycar,"=HYPERLINK(""https://www.instagram.com/adobeeasycar/"",""@adobeeasycar"")",transport,Puerto Viejo,T3,ok,FALSE,,,
Alamo Enterprise Car Rental,aecr,"=HYPERLINK(""https://www.instagram.com/aecr/"",""@aecr"")",transport,Puerto Viejo,T3,ok,FALSE,,,
Caribe Shuttle,caribeshuttle,"=HYPERLINK(""https://www.instagram.com/caribeshuttle/"",""@caribeshuttle"")",transport,Puerto Viejo,T3,ok,FALSE,,,
Puerto Viejo Golf Carts,puertoviejogolf,"=HYPERLINK(""https://www.instagram.com/puertoviejogolf/"",""@puertoviejogolf"")",tour_company,Puerto Viejo,T3,ok,FALSE,,,
ATEC,atec_ong,"=HYPERLINK(""https://www.instagram.com/atec_ong/"",""@atec_ong"")",tour_company,Puerto Viejo,T3,ok,FALSE,,,
Best Travel Puerto Viejo,besttravelpuertoviejo,"=HYPERLINK(""https://www.instagram.com/besttravelpuertoviejo/"",""@besttravelpuertoviejo"")",tour_company,Puerto Viejo,T3,ok,FALSE,,,
"Caribe Fun Tours - Playa Negra, Puerto Viejo, Limón, Costa Rica",caribefuntours,"=HYPERLINK(""https://www.instagram.com/caribefuntours/"",""@caribefuntours"")",tour_company,Playa Negra,T3,ok,FALSE,,,
Gecko Trail Costa Rica,geckotrailcostarica,"=HYPERLINK(""https://www.instagram.com/geckotrailcostarica/"",""@geckotrailcostarica"")",tour_company,Puerto Viejo,T3,ok,FALSE,,,
Coldwell Banker Caribe,coldwellbankercaribe,"=HYPERLINK(""https://www.instagram.com/coldwellbankercaribe/"",""@coldwellbankercaribe"")",real_estate,Puerto Viejo,T3,ok,FALSE,,,
"Green Property Management - Playa Chiquita, Puerto Viejo, Limón, Costa Rica",greenmanagementcr,"=HYPERLINK(""https://www.instagram.com/greenmanagementcr/"",""@greenmanagementcr"")",real_estate,Playa Chiquita,T3,ok,FALSE,,,
Farmacia Caribe,farmaciacaribe,"=HYPERLINK(""https://www.instagram.com/farmaciacaribe/"",""@farmaciacaribe"")",shopping,Puerto Viejo,T3,ok,FALSE,,,
Mega Super,megasuper,"=HYPERLINK(""https://www.instagram.com/megasuper/"",""@megasuper"")",shopping,Puerto Viejo,T3,ok,FALSE,,,
Old Harbour Supermarket,ohs,"=HYPERLINK(""https://www.instagram.com/ohs/"",""@ohs"")",shopping,Puerto Viejo,T3,ok,FALSE,,,
"Pali Supermarket - Hone Creek, Limón, Costa Rica",palisupermarketcr,"=HYPERLINK(""https://www.instagram.com/palisupermarketcr/"",""@palisupermarketcr"")",shopping,Hone Creek,T3,ok,FALSE,,,
"Super Cocles - Playa Cocles, Puerto Viejo, Limón, Costa Rica",cocles,"=HYPERLINK(""https://www.instagram.com/cocles/"",""@cocles"")",shopping,Cocles,T3,ok,FALSE,,,
"Super Punta Uva - Playa Punta Uva, Puerto Viejo, Limón, Costa Rica",superpuntauva,"=HYPERLINK(""https://www.instagram.com/superpuntauva/"",""@superpuntauva"")",shopping,Punta Uva,T3,ok,FALSE,,,
"Super SK - Playa Negra, Puerto Viejo, Limón, Costa Rica",supersk,"=HYPERLINK(""https://www.instagram.com/supersk/"",""@supersk"")",shopping,Playa Negra,T3,ok,FALSE,,,
"Servicentro Hone Creek - Hone Creek, Limón, Costa Rica",shc,"=HYPERLINK(""https://www.instagram.com/shc/"",""@shc"")",services,Hone Creek,T3,ok,FALSE,,,
Catholic Church,catholicchurch,"=HYPERLINK(""https://www.instagram.com/catholicchurch/"",""@catholicchurch"")",services,Puerto Viejo,T3,ok,FALSE,,,
Puerto Viejo Police Town Station,puertoviejopolicetownstation,"=HYPERLINK(""https://www.instagram.com/puertoviejopolicetownstation/"",""@puertoviejopolicetownstation"")",services,Puerto Viejo,T3,ok,FALSE,,,
BAC Credomatic ATM,baccredomaticatm,"=HYPERLINK(""https://www.instagram.com/baccredomaticatm/"",""@baccredomaticatm"")",services,Puerto Viejo,T3,ok,FALSE,,,
Banco de Costa Rica Puerto Viejo,banco_de_costa_rica_puerto_viejo,"=HYPERLINK(""https://www.instagram.com/banco_de_costa_rica_puerto_viejo/"",""@banco_de_costa_rica_puerto_viejo"")",services,Puerto Viejo,T3,ok,FALSE,,,
Banco Nacional,banconacional,"=HYPERLINK(""https://www.instagram.com/banconacional/"",""@banconacional"")",services,Puerto Viejo,T3,ok,FALSE,,,
Main Bus Stop,main_cr,"=HYPERLINK(""https://www.instagram.com/main_cr/"",""@main_cr"")",tour_company,Puerto Viejo,T3,ok,FALSE,,,
Panadería Francés,panadera,"=HYPERLINK(""https://www.instagram.com/panadera/"",""@panadera"")",shopping,Cocles,T3,ok,FALSE,,,
Hotel Villas y Glamping M&A,villasmya,"=HYPERLINK(""https://www.instagram.com/villasmya/"",""@villasmya"")",vacation_rental,Cocles,T3,ok,FALSE,,,
ALMA Masajes,alma.masajes.spa,"=HYPERLINK(""https://www.instagram.com/alma.masajes.spa/"",""@alma.masajes.spa"")",wellness,Playa Negra,T3,ok,FALSE,,,
Beauty Ritual Spa,beautyritualspa,"=HYPERLINK(""https://www.instagram.com/beautyritualspa/"",""@beautyritualspa"")",wellness,Cocles,T3,ok,FALSE,,,
Cabina trepazul,trepazul,"=HYPERLINK(""https://www.instagram.com/trepazul/"",""@trepazul"")",vacation_rental,Playa Negra,T3,ok,FALSE,,,
"Babilonia - Cahuita, Limón, Costa Rica",babilonia,"=HYPERLINK(""https://www.instagram.com/babilonia/"",""@babilonia"")",vacation_rental,Cahuita,T3,ok,FALSE,,,
"Bomberos Bribri - Bribri, Limón, Costa Rica",bomberos_costa_rica,"=HYPERLINK(""https://www.instagram.com/bomberos_costa_rica/"",""@bomberos_costa_rica"")",services,Bribri,T3,ok,FALSE,,,
"Cahuita Lodge - Cahuita, Limón, Costa Rica",cahuitalodge,"=HYPERLINK(""https://www.instagram.com/cahuitalodge/"",""@cahuitalodge"")",vacation_rental,Cahuita,T3,ok,FALSE,,,
"Casas Del Mar - Manzanillo, Limón, Costa Rica",casasdelmarmanzanillo,"=HYPERLINK(""https://www.instagram.com/casasdelmarmanzanillo/"",""@casasdelmarmanzanillo"")",vacation_rental,Manzanillo,T3,ok,FALSE,,,
"Coral Vet - Cahuita, Limón, Costa Rica",coralvetcr,"=HYPERLINK(""https://www.instagram.com/coralvetcr/"",""@coralvetcr"")",services,Cahuita,T3,ok,FALSE,,,
"Gandoca Tours - Gandoca, Limón, Costa Rica",gandocatours,"=HYPERLINK(""https://www.instagram.com/gandocatours/"",""@gandocatours"")",tour_company,Gandoca,T3,ok,FALSE,,,
"Green Lapa's Village - Manzanillo, Limón, Costa Rica",greenlapasvillage,"=HYPERLINK(""https://www.instagram.com/greenlapasvillage/"",""@greenlapasvillage"")",vacation_rental,Manzanillo,T3,ok,FALSE,,,
"Happy House Manzanillo - Manzanillo, Limón, Costa Rica",happyhousecostarica,"=HYPERLINK(""https://www.instagram.com/happyhousecostarica/"",""@happyhousecostarica"")",vacation_rental,Manzanillo,T3,ok,FALSE,,,
"Hotel Los Cielos del Caribe - Cahuita, Limón, Costa Rica",villasloscielosdelcaribe,"=HYPERLINK(""https://www.instagram.com/villasloscielosdelcaribe/"",""@villasloscielosdelcaribe"")",vacation_rental,Cahuita,T3,ok,FALSE,,,
"Kañik Apart Hotel - Manzanillo, Limón, Costa Rica",kanikapartahotel,"=HYPERLINK(""https://www.instagram.com/kanikapartahotel/"",""@kanikapartahotel"")",vacation_rental,Manzanillo,T3,ok,FALSE,,,
"La Casa Del Mango - Cahuita, Limón, Costa Rica",la_casa_del_mango,"=HYPERLINK(""https://www.instagram.com/la_casa_del_mango/"",""@la_casa_del_mango"")",vacation_rental,Cahuita,T3,ok,FALSE,,,
"La Fundación Cahuita Playing for Change - Cahuita, Limón, Costa Rica",fundacioncahuitapfc,"=HYPERLINK(""https://www.instagram.com/fundacioncahuitapfc/"",""@fundacioncahuitapfc"")",services,Cahuita,T3,ok,FALSE,,,
"La Rana De Cahuita - Cahuita, Limón, Costa Rica",laranadecahuitalodge,"=HYPERLINK(""https://www.instagram.com/laranadecahuitalodge/"",""@laranadecahuitalodge"")",vacation_rental,Cahuita,T3,ok,FALSE,,,
"Mulata - Cahuita, Limón, Costa Rica",mulata.cr,"=HYPERLINK(""https://www.instagram.com/mulata.cr/"",""@mulata.cr"")",shopping,Cahuita,T3,ok,FALSE,,,
"Nature Observatorio - Manzanillo, Limón, Costa Rica",natureobservatorio,"=HYPERLINK(""https://www.instagram.com/natureobservatorio/"",""@natureobservatorio"")",tour_company,Manzanillo,T3,ok,FALSE,,,
"Papaya Wildlife Lodge - Cahuita, Limón, Costa Rica",papaya_wildlife_lodge,"=HYPERLINK(""https://www.instagram.com/papaya_wildlife_lodge/"",""@papaya_wildlife_lodge"")",vacation_rental,Cahuita,T3,ok,FALSE,,,
"Sloth Sanctuary - Cahuita, Limón, Costa Rica",sloth.sanctuary.costa.rica,"=HYPERLINK(""https://www.instagram.com/sloth.sanctuary.costa.rica/"",""@sloth.sanctuary.costa.rica"")",tour_company,Cahuita,T3,ok,FALSE,,,
"Sport Body Gym - Cahuita, Limón, Costa Rica",sport_body_gym,"=HYPERLINK(""https://www.instagram.com/sport_body_gym/"",""@sport_body_gym"")",services,Cahuita,T3,ok,FALSE,,,
