tier,suggested_group,business_name,category,area,google_maps_cid,current_groups,matched_field,matched_label,evidence,match_count
identity,nightlife,"Asante Bistro & Café - Cahuita, Limón, Costa Rica",restaurant,Cahuita,16025283821069438745,eat,cuisine,cocktail,«Cocktail»,1
identity,nightlife,"Colores Restaurant and Beach Lounge - Manzanillo, Limón, Costa Rica",restaurant,Manzanillo,3520970534557309146,eat,name,lounge,"Colores Restaurant and Beach «Lounge» - Manzanillo, Limón, Costa Rica",1
identity,nightlife,"Da Lime Beach Club and Restaurant - Playa Chiquita, Puerto Viejo, Limón, Costa Rica",restaurant,Playa Chiquita,5875257995302760665,eat,name,beach club,"Da Lime «Beach Club» and Restaurant - Playa Chiquita, Puerto...",1
identity,nightlife,"El Refugio Grill - Playa Punta Uva, Puerto Viejo, Limón, Costa Rica",restaurant,Punta Uva,17060511891850618747,eat,name,grill house,"El Refugio «Grill» - Playa Punta Uva, Puerto Viejo, Limón,...",1
identity,nightlife,El Sendero Beach Club,restaurant,Puerto Viejo,11811768080109070447,eat,name,beach club,El Sendero «Beach Club»,1
identity,nightlife,"Tasty Waves Cantina - Playa Cocles, Puerto Viejo, Limón, Costa Rica",restaurant,Cocles,10844386752467925201,eat,name,cantina,"Tasty Waves «Cantina» - Playa Cocles, Puerto Viejo, Limón, Co...",1
identity,nightlife,Vol'Air Dance Studio,services,Puerto Viejo,12543675730712426029,services,name,dancing,Vol'Air «Dance» Studio,1
identity,eat,"Kaya's Place - Playa Negra, Puerto Viejo, Limón, Costa Rica",hotel,Playa Negra,8816532573875491055,stay,cuisine,restaurant,«Restaurante» mexicano,1
identity,eat,"Soda y Cabinas Kaniki - Gandoca, Limón, Costa Rica",hotel,Gandoca,1916707872062639626,stay,name,food service,"«Soda» y Cabinas Kaniki - Gandoca, Limón, Cost...",1
identity,eat,Totem Hotel Resort & Restaurant,hotel,Cocles,1478870326467382969,stay,name,restaurant,Totem Hotel Resort & «Restaurant»,1
identity,stay,La Casita de Monli,restaurant,Puerto Viejo,17125108004029582358,eat,name,vacation rental,La «Casita» de Monli,1
identity,stay,The Amazing Treehouse and Nature,restaurant,Playa Negra,11842476449595104705,eat,name,rooms/resort,The Amazing «Treehouse» and Nature,1
identity,things-to-do,"Big Tree Wildlife Refuge - Playa Punta Uva, Puerto Viejo, Limón, Costa Rica",vacation_rental,Punta Uva,5233367816302543964,stay,name,wildlife,"Big Tree «Wildlife» Refuge - Playa Punta Uva, Puerto Viejo,...",1
identity,things-to-do,"Black Shack Surf School - Playa Cocles, Puerto Viejo, Limón, Costa Rica",services,Cocles,11736483113495327139,services,name,surf,"Black Shack «Surf» School - Playa Cocles, Puerto Viejo, Li...",2
identity,things-to-do,"Cabinas Surf Side - Cahuita, Limón, Costa Rica",hotel,Cahuita,11022406936380395131,stay,name,surf,"Cabinas «Surf» Side - Cahuita, Limón, Costa Rica",1
identity,things-to-do,"Cahuita National Park Hotel - Cahuita, Limón, Costa Rica",hotel,Cahuita,400977826922741375,stay,name,hiking/nature,"Cahuita «National Park» Hotel - Cahuita, Limón, Costa Rica",1
identity,things-to-do,Casa Canopy,vacation_rental,Playa Chiquita,9228433576839534036,stay,name,adventure,Casa «Canopy»,1
identity,things-to-do,"La Ceiba Nature Reserve - Playa Punta Uva, Puerto Viejo, Limón, Costa Rica",hotel,Punta Uva,1693592634910607224,stay,name,hiking/nature,"La Ceiba «Nature Reserve» - Playa Punta Uva, Puerto Viejo, Limón,...",1
identity,things-to-do,"Papaya Wildlife Lodge - Cahuita, Limón, Costa Rica",vacation_rental,Cahuita,304180330543571100,stay,name,wildlife,"Papaya «Wildlife» Lodge - Cahuita, Limón, Costa Rica",1
identity,things-to-do,Rico Tico Tours,restaurant,Puerto Viejo,1177355124524067687,eat,name,tours,Rico Tico «Tours»,1
identity,things-to-do,"Roberto's Restaurant and Tours - Cahuita, Limón, Costa Rica",restaurant,Cahuita,5842569498936371106,eat,name,tours,"Roberto's Restaurant and «Tours» - Cahuita, Limón, Costa Rica",1
identity,things-to-do,Spanish School Pura Vida,services,Puerto Viejo,15049167550943815650,services,name,classes,Spanish «School» Pura Vida,1
identity,things-to-do,"Surf Meds Caribe - Playa Cocles, Puerto Viejo, Limón, Costa Rica",services,Cocles,3144025592942935764,services,name,surf,"«Surf» Meds Caribe - Playa Cocles, Puerto Viej...",1
identity,things-to-do,Surf the Jungle Surf School Adventures,services,Puerto Viejo,14229054643032701360,services,name,surf,«Surf» the Jungle Surf School Adventures,3
identity,things-to-do,"Tarponville Fishing Lodge - Manzanillo, Limón, Costa Rica",hotel,Manzanillo,4106444293730751001,stay,name,fishing,"Tarponville «Fishing» Lodge - Manzanillo, Limón, Costa Rica",1
identity,things-to-do,"Tico Surf and Skate - Playa Cocles, Puerto Viejo, Limón, Costa Rica",services,Cocles,1318668082841675164,services,name,surf,"Tico «Surf» and Skate - Playa Cocles, Puerto Viejo,...",1
identity,things-to-do,Vol'Air Dance Studio,services,Puerto Viejo,12543675730712426029,services,name,classes,Vol'Air «Dance Studio»,1
identity,things-to-do,"Wildlife Lodge Cahuita - Cahuita, Limón, Costa Rica",hotel,Cahuita,11172305075992391997,stay,name,wildlife,"«Wildlife» Lodge Cahuita - Cahuita, Limón, Costa R...",1
identity,shopping,"Casa Firefly Boutique Retreat - Cahuita, Limón, Costa Rica",hotel,Cahuita,3377722209033140563,stay,name,shop/store,"Casa Firefly «Boutique» Retreat - Cahuita, Limón, Costa Rica",1
identity,shopping,De Gustibus Bakery,restaurant,Puerto Viejo,9034432070677152199,eat,name,goods,De Gustibus «Bakery»,1
identity,shopping,Iriria Specialty Coffee Shop,restaurant,Puerto Viejo,17441244772065149373,eat,name,shop/store,Iriria Specialty Coffee «Shop»,1
identity,shopping,Mendez Barber Shop,services,Puerto Viejo,5529719550027810747,services|wellness,name,shop/store,Mendez Barber «Shop»,1
identity,services,Taller Gabriel,shopping,Puerto Viejo,7243082637502018565,shopping,name,repair/auto,«Taller» Gabriel,1
identity,services,Tattoo Studio 33,restaurant,Puerto Viejo,7714062364033594701,eat,name,personal care,«Tattoo» Studio 33,1
identity,wellness,Aloha Skincare and Wellness,services,Puerto Viejo,565813449899308633,services,name,spa/massage,Aloha Skincare and «Wellness»,1
identity,wellness,Ambar Tattoo Space,services,Puerto Viejo,3494255912740671382,services,name,beauty,Ambar «Tattoo» Space,1
identity,wellness,"Blossom Paradise Retreat - Playa Negra, Puerto Viejo, Limón, Costa Rica",vacation_rental,Playa Negra,11364781436039210316,stay,name,sanctuary,"Blossom Paradise «Retreat» - Playa Negra, Puerto Viejo, Limón, Cos...",1
identity,wellness,Caribe Love Tattoo,services,Puerto Viejo,16552705196228924381,services,name,beauty,Caribe Love «Tattoo»,1
identity,wellness,"Casa Firefly Boutique Retreat - Cahuita, Limón, Costa Rica",hotel,Cahuita,3377722209033140563,stay,name,sanctuary,"Casa Firefly Boutique «Retreat» - Cahuita, Limón, Costa Rica",1
identity,wellness,"Chimuri Beach Retreat - Playa Negra, Puerto Viejo, Limón, Costa Rica",vacation_rental,Playa Negra,6051193694241034944,stay,name,sanctuary,"Chimuri Beach «Retreat» - Playa Negra, Puerto Viejo, Limón, Cos...",1
identity,wellness,"Dragonfly Beach Retreat - Playa Punta Uva, Puerto Viejo, Limón, Costa Rica",vacation_rental,Punta Uva,16775548705300829933,stay,name,sanctuary,"Dragonfly Beach «Retreat» - Playa Punta Uva, Puerto Viejo, Limón,...",1
identity,wellness,"Escondido Retreat - Playa Negra, Puerto Viejo, Limón, Costa Rica",vacation_rental,Playa Negra,6658711880224661769,stay,name,sanctuary,"Escondido «Retreat» - Playa Negra, Puerto Viejo, Limón, Cos...",1
identity,wellness,FISIOTERAPIA Agustin cuya,restaurant,Cocles,18425416724501171270,eat,name,mind-body,«FISIOTERAPIA» Agustin cuya,1
identity,wellness,"Kona Wellness Shala - Playa Cocles, Puerto Viejo, Limón, Costa Rica",services,Cocles,11573433909437604022,services,name,spa/massage,"Kona «Wellness» Shala - Playa Cocles, Puerto Viejo, Lim...",1
identity,wellness,"Shiosai Retreat Cabins - Gandoca, Limón, Costa Rica",hotel,Gandoca,2791131175093117206,stay,name,sanctuary,"Shiosai «Retreat» Cabins - Gandoca, Limón, Costa Rica",1
identity,wellness,"Sonora Jungle Retreat - Playa Negra, Puerto Viejo, Limón, Costa Rica",hotel,Playa Negra,13462000015508270895,stay,name,sanctuary,"Sonora Jungle «Retreat» - Playa Negra, Puerto Viejo, Limón, Cos...",1
identity,wellness,TRIBU functional training,services,Puerto Viejo,4586270756459627380,services,name,fitness,TRIBU functional «training»,1
identity,wellness,Tattoo Studio 33,restaurant,Puerto Viejo,7714062364033594701,eat,name,beauty,«Tattoo» Studio 33,1
identity,transport,"Cahuita Bus Station - Cahuita, Limón, Costa Rica",tour_company,Cahuita,17472323950177417062,things-to-do,name,bus,"Cahuita «Bus» Station - Cahuita, Limón, Costa Rica",1
identity,transport,Main Bus Stop,tour_company,Puerto Viejo,7826458106781310635,things-to-do,name,bus,Main «Bus» Stop,1
identity,transport,Puerto Viejo Golf Carts,tour_company,Puerto Viejo,4544300389782328912,things-to-do,name,car rental,Puerto Viejo «Golf Carts»,1
identity,transport,"Terminal de Buses Sixaola - Sixaola, Limón, Costa Rica",services,Sixaola,12283987889434351587,services,name,bus,"«Terminal» de Buses Sixaola - Sixaola, Limón, Cost...",1
context,nightlife,"Arrecife Hotel y Restaurante - Playa Punta Uva, Puerto Viejo, Limón, Costa Rica",restaurant,Punta Uva,3477422119483013906,eat|stay,description,bar,Restaurant & «bar» right off Punta Uva beach. They also re...,1
context,nightlife,"Awa Beach Boutique Hotel - Playa Punta Uva, Puerto Viejo, Limón, Costa Rica",hotel,Punta Uva,5579537716284560393,stay,description,bar,"...beach. Adults-only accommodation with a «bar», a garden and a terrace. Rooms with A/C...",1
context,nightlife,"Azania Bungalows - Playa Cocles, Puerto Viejo, Limón, Costa Rica",hotel,Cocles,1284571712904930160,stay,description,bar,"... deck & cable TV.  Pool, restaurant and «bar». 4.5 / 5 rating on Google Maps  4.2 / 5...",1
context,nightlife,BOA Coworking,restaurant,Puerto Viejo,9729510481461644038,eat,description,pub,...upstairs from Green Jaguar Irish Gastro «Pub» but with a separate food menu which is ...,2
context,nightlife,"Banana Azul - Playa Negra, Puerto Viejo, Limón, Costa Rica",hotel,Playa Negra,3301165288581347626,stay,description,bar,"...s over age of 16 and offers restaurant, «bar», pool and tour kiosk. Beach views, trop...",1
context,nightlife,"Beach Break Restaurant - Playa Cocles, Puerto Viejo, Limón, Costa Rica",restaurant,Cocles,10536491158093405826,eat,description,bar,Restaurant and «bar» right across from Cocles Beach as well ...,1
context,nightlife,Bloom Cafe & Donas,restaurant,Puerto Viejo,3622931891880684663,eat,description,cocktail,...space becomes Bloom Nocturno with craft «cocktails».,1
context,nightlife,Blue Dreams Hotel,hotel,Playa Negra,7864989313907649296,stay,description,bar,Blue Dreams Hotel provides «bar» accommodations in Puerto Viejo.,1
context,nightlife,"Cabinas Kuákua - Playa Negra, Puerto Viejo, Limón, Costa Rica",hotel,Playa Negra,11219479455997326756,stay,description,lounge,...ho with fully equipped shared kitchen & «lounge»/dining area.,1
context,nightlife,Cabinas Monte Sol,hotel,Puerto Viejo,10951227846186482107,stay,description,bar,"...itchen, terrace and TV. Open air lounge/«bar» area with a relaxed vibe for all guests...",2
context,nightlife,Cacao Huasi,restaurant,Puerto Viejo,1242408439996904931,eat,description,cocktail,"Chocolate classes, restaurant and «cocktails»",1
context,nightlife,"Caribe Town Resort - Playa Cocles, Puerto Viejo, Limón, Costa Rica",hotel,Cocles,16161533908681591225,stay,description,bar,"...ed in onsite rentals. Pool with swim-up «bar», waterfall and Jacuzzi jets, bike renta...",1
context,nightlife,"Cariblue Beach and Jungle Resort - Playa Cocles, Puerto Viejo, Limón, Costa Rica",hotel,Cocles,14658668036585456092,stay,description,bar,... La Jungla restaurant and drinks at the «bar». If you're not a guest here you can buy...,1
context,nightlife,"Cervecera Tierra y Libertad - Hone Creek, Limón, Costa Rica",shopping,Hone Creek,18282199755586445336,shopping,description,brewery/taproom,...Available in several locations locally. «Brewery» tours by appointment.,1
context,nightlife,Chaman Mercadito,restaurant,Puerto Viejo,2968574655178095232,eat,description,nightclub/disco,"...ts several businesses including coffee, «nightclub» and restaurant.",1
context,nightlife,"Chao's Paradise - Cahuita, Limón, Costa Rica",restaurant,Cahuita,15813957405519010877,eat,description,bar,"...aradise - Cahuita, Limón, Costa Rica, a «bar» in Cahuita. Open now.",1
context,nightlife,Chile Rojo,restaurant,Puerto Viejo,2449275981368445735,eat,description,bar,Thai and asian fusion restaurant. Sushi «bar». Many vegetarian and vegan options incl...,1
context,nightlife,DiTown Shop,shopping,Puerto Viejo,10112276568951936836,shopping,description,bar,"Surf shop and coffee «bar». Beachwear, full espresso bar and food.",1
context,nightlife,El Clan Hostel,hostel,Puerto Viejo,5201679489523559249,stay,description,bar,"Hostel and hotel with pool and «bar». Accommodation options include dorms, p...",1
context,nightlife,"El Nido Jungle Lodge - Playa Chiquita, Puerto Viejo, Limón, Costa Rica",hotel,Playa Chiquita,17996754399669659267,stay,description,bar,"...a king sized bed, a kitchen with eating «bar», a TV/DVD, a sofa bed and a large priva...",1
context,nightlife,"El Rincon Porteño - Playa Chiquita, Puerto Viejo, Limón, Costa Rica",restaurant,Playa Chiquita,12004515342485209052,eat,description,grill house,"Argentinian restaurant. «Grill», pizza, pasta, hamburgers.",1
context,nightlife,Escape Caribeño,hotel,Puerto Viejo,11151339976601146455,stay,description,bar,"...sa Brava. All with TV, A/C, Wi-Fi, mini «bar», safe box.",1
context,nightlife,Exotic Lodge,hotel,Puerto Viejo,8353070716309943884,stay,description,bar,...binas with private bath. Restaurant and «bar». Previously named Morpheus Exotica Lodg...,1
context,nightlife,"Gigi Beach - Playa Cocles, Puerto Viejo, Limón, Costa Rica",restaurant,Cocles,6039954764509566896,eat,description,beach club,Restaurant and «beach club» on the beach at Playa Cocles. Hang out ...,1
context,nightlife,Gigi O Restaurant,restaurant,Puerto Viejo,4732141069441829785,eat,description,bar,"Restaurant, bakery, «bar», café, art gallery, museum, and live mu...",2
context,nightlife,"Green Jungle House - Playa Chiquita, Puerto Viejo, Limón, Costa Rica",hotel,Playa Chiquita,10566257576749882719,stay,description,lounge,"...Property has shared kitchen, BBQ and TV «lounge».  They also offer Ceibo Adventure on th...",1
context,nightlife,Grow Beachfront Restaurant,restaurant,Puerto Viejo,11456769578958313273,eat,description,bar,"Beachfront vegetarian restaurant and «bar». Serves breakfast, lunch, and dinner fr...",1
context,nightlife,"Hotel Aguas Claras - Playa Chiquita, Puerto Viejo, Limón, Costa Rica",hotel,Playa Chiquita,5319096016576692772,stay,description,beach club,"...bedroom, two bedrooms or five bedrooms. «Beach club», restaurant  and yoga salon on site. 4....",1
context,nightlife,"Hotel Bugabutik - Playa Cocles, Puerto Viejo, Limón, Costa Rica",hotel,Cocles,10932123085080779411,stay,description,bar,"...V, A/C, swimming pool, sauna, internet, «bar», solarium, massage, laundry service. 4....",1
context,nightlife,"Hotel Hawa - Hone Creek, Limón, Costa Rica",hotel,Hone Creek,12922727533389204233,stay,description,bar,"...bath bungalow is available. Restaurant, «Bar».",1
context,nightlife,"Hotel Kasha - Playa Chiquita, Puerto Viejo, Limón, Costa Rica",hotel,Playa Chiquita,2789448993779357106,stay,description,bar,"...A/C, private bath. Kasha Restaurant and «Bar» onsite.",1
context,nightlife,Hotel and Hostel Agapi,hostel,Puerto Viejo,7492180577056289429,stay,description,bar,"...ms and private rooms. Pool, restaurant, «bar», hot showers, common kitchen, yoga clas...",1
context,nightlife,"Hungry Lion's Jamaican Restaurant - Cahuita, Limón, Costa Rica",restaurant,Cahuita,7931758129028338854,eat,description,bar,"...urant - Cahuita, Limón, Costa Rica is a «bar» in Cahuita.",1
context,nightlife,Johnny's Place,restaurant,Puerto Viejo,3484755376915308939,eat,description,bar,Beachfront «bar» which has been a fixture of the Puerto ...,1
context,nightlife,KOKi Beach,restaurant,Puerto Viejo,94575443808973745,eat,description,bar,Beach front «Bar» and Restaurant. Latin Fusion food. Over...,1
context,nightlife,Ka Namu,restaurant,Playa Negra,4776029185661119925,eat,description,bar,Ka Namu is a «bar» in Puerto Viejo.,1
context,nightlife,"Kaya's Place - Playa Negra, Puerto Viejo, Limón, Costa Rica",hotel,Playa Negra,8816532573875491055,stay,description,bar,"...to suites to cabins. Onsite restaurant, «bar» and micro-craft brewery. Hotel also cal...",2
context,nightlife,"La Kukula Lodge - Playa Chiquita, Puerto Viejo, Limón, Costa Rica",hotel,Playa Chiquita,12131830785097631441,stay,description,bar,"... include free breakfast, swimming-pool, «bar», free wifi, parking, laundry, desk for ...",1
context,nightlife,Madre Tierra,restaurant,Puerto Viejo,18001671055676159782,eat,description,bar,"Cocktails, restaurant and «bar». Variety of food including Caribbean, L...",2
context,nightlife,"Mixta Comida y Cócteles - Playa Chiquita, Puerto Viejo, Limón, Costa Rica",restaurant,Playa Chiquita,14864163845916515215,eat,description,cocktail,...tortillas. Excellent tequila and mezcal «cocktails». Relaxed vibe with eclectic playlist.,1
context,nightlife,Namu Garden Hotel and Spa,hotel,Puerto Viejo,18141110668997261824,stay|wellness,description,bar,"...te pools. Spa. NÚM restaurant, café and «bar». 4.6 / 5 rating on Google Maps  9.1 / 1...",1
context,nightlife,Nanku,restaurant,Puerto Viejo,8398495366730310888,eat,description,cocktail,"...ast, lunch and dinner. Espresso drinks, «cocktails» and a wide variety of food offers. Loca...",1
context,nightlife,"Physis Caribbean Bed & Breakfast - Playa Cocles, Puerto Viejo, Limón, Costa Rica",hotel,Cocles,6927648870562475588,stay,description,lounge,"... garden and fountain. In the relaxation/«lounge» area, there is TV along with multiple h...",1
context,nightlife,"Playa 506 - Playa Cocles, Puerto Viejo, Limón, Costa Rica",hostel,Cocles,14615341747601449576,stay,description,brewery/taproom,...ts. Shared kitchen. Sage restaurant and «beer garden» is here which is available to non guest...,1
context,nightlife,Puerto Pirata,restaurant,Puerto Viejo,15140435167806983758,eat,description,bar,...king the sea. Evenings becomes the Tiki «Bar» with cocktail specials. Menu has vegeta...,2
context,nightlife,Puerto Viejo Golf Carts,tour_company,Puerto Viejo,4544300389782328912,things-to-do,description,bar,...splay outside Cafe Viejo or Restaurante «Bar» Tamara but you will need to contact the...,1
context,nightlife,"Reggae Chill - Playa Cocles, Puerto Viejo, Limón, Costa Rica",restaurant,Cocles,15379756172704945472,eat,description,bar,Relaxed restaurant and «bar» directly across from Cocles beach. Brea...,1
context,nightlife,Rocking J's Hostel,hostel,Puerto Viejo,2849080077759072513,stay,description,bar,"... dorms, hammocks and tents. Restaurant, «bar», tour desk and surf school on site. 4.0...",1
context,nightlife,SOCA Restaurant,restaurant,Puerto Viejo,12232799133081119632,eat,description,bar,...in a stylish space.  Extensive cocktail/«bar» selection.,2
context,nightlife,"Saranda Hotel Boutique - Playa Negra, Puerto Viejo, Limón, Costa Rica",hotel,Playa Negra,7564004912244932325,stay,description,bar,"... and some with shared bath. Restaurant, «bar», pool. 4.7 / 5 rating on Google Maps  9...",1
context,nightlife,Stashu's Con Fusion,restaurant,Puerto Viejo,12889418516397438139,eat,description,live music,"Fusion food restaurant with «live music». Caribbean, Mediterranean and Asian fla...",1
context,nightlife,"Sushi Wave - Playa Cocles, Puerto Viejo, Limón, Costa Rica",restaurant,Cocles,18334594677246073631,eat,description,bar,Sushi «bar» located at Cariblue Beach and Jungle Re...,1
context,nightlife,Sweet Moments,restaurant,Puerto Viejo,561223372813398582,eat,description,bar,Espresso «bar» and ice cream,1
context,nightlife,"Talamanca Chocolate - Playa Negra, Puerto Viejo, Limón, Costa Rica",tour_company,Playa Negra,,things-to-do,description,bar,"Learn the entire process from tree to «bar», making chocolate from scratch: roastin...",1
context,nightlife,"Tasty Dayz Hostel - Playa Cocles, Puerto Viejo, Limón, Costa Rica",hostel,Cocles,8755282126859435083,stay,description,bar,...rinking water and communal kitchen use. «Bar»/restaurant Tasty Waves Cantina on site....,2
context,nightlife,"Villa Abejita - Playa Negra, Puerto Viejo, Limón, Costa Rica",vacation_rental,Playa Negra,17566723912022559610,stay,description,grill house,"...h-speed satellite WiFi, workspaces, gas «grill», well-provided kitchen, secure parking ...",1
context,nightlife,"Villa Laurel - Playa Cocles, Puerto Viejo, Limón, Costa Rica",vacation_rental,Cocles,7902224320478214928,stay,description,beach club,"...50 m), the nearby five-star hotel has a «beach club». The house is beautifully offset from t...",1
context,nightlife,"Villa del Mito - Playa Negra, Puerto Viejo, Limón, Costa Rica",vacation_rental,Playa Negra,3772885646337615062,stay,description,grill house,"...ls. Outside is a covered patio with gas «grill» and large dining table, and an outdoor ...",1
context,nightlife,"Villas Banana Verde - Playa Negra, Puerto Viejo, Limón, Costa Rica",vacation_rental,Playa Negra,3491417544238941664,stay,description,beach club,"...l offers including pool, restaurant and «beach club». 4.8 / 5 rating on Google Maps  8.3 / 1...",1
context,nightlife,Washboard,services,Puerto Viejo,8840035579056537434,services,description,bar,"Cafe, laundromat and «bar», providing self-service machines where ...",2
context,eat,"Alloro Jungle Villas - Playa Cocles, Puerto Viejo, Limón, Costa Rica",vacation_rental,Cocles,2659428566815974857,stay,description,cafe,"... equipped with microwave oven, toaster, «coffee »machine and blender. 4.9 / 5 rating on G...",2
context,eat,"Aloki Village - Playa Chiquita, Puerto Viejo, Limón, Costa Rica",vacation_rental,Playa Chiquita,11129113619647704846,stay,description,food service,"...ople in each villa. The villas have AC, «kitchen» and private parking.",1
context,eat,Amimodo Beach Rooms,hotel,Puerto Viejo,5872176730909991811,stay,description,restaurant,...n apartment with kitchen at the Amimodo «Restaurant».,2
context,eat,"Angler's Lair - Playa Chiquita, Puerto Viejo, Limón, Costa Rica",vacation_rental,Playa Chiquita,12754897163013733415,stay,description,food service,... larger group. Each unit has a complete «kitchen» and both share a small pool. 4.3 / 5 ra...,1
context,eat,"Azania Bungalows - Playa Cocles, Puerto Viejo, Limón, Costa Rica",hotel,Cocles,1284571712904930160,stay,description,restaurant,"...e bath, private deck & cable TV.  Pool, «restaurant» and bar. 4.5 / 5 rating on Google Maps ...",1
context,eat,"Azania Oasis - Playa Cocles, Puerto Viejo, Limón, Costa Rica",vacation_rental,Cocles,17887068920973627002,stay,description,food service,"...se. Each unit features a fully equipped «kitchen», a seating area, a flat-screen TV and a...",1
context,eat,"Bambutel - Playa Cocles, Puerto Viejo, Limón, Costa Rica",hotel,Cocles,14224886783313130797,stay,description,restaurant,"...om, quad room and apartment. Café Selva «restaurant» for breakfast. 4.4 / 5 rating on Google...",4
context,eat,"Banana Azul - Playa Negra, Puerto Viejo, Limón, Costa Rica",hotel,Playa Negra,3301165288581347626,stay,description,restaurant,"...ted to adults over age of 16 and offers «restaurant», bar, pool and tour kiosk. Beach views,...",1
context,eat,Black Bamboo,hotel,Puerto Viejo,9649993079907777710,stay,description,meals,...room with hot water and 110/220V plugs. «Breakfast» and lunch can be ordered. 4.7 / 5 ratin...,1
context,eat,"Blessed House - Playa Negra, Puerto Viejo, Limón, Costa Rica",vacation_rental,Playa Negra,18318447306973081283,stay,description,food service,...ach has a private bathroom and equipped «kitchen». The property has a pool and bbq area f...,1
context,eat,"Blossom Paradise Retreat - Playa Negra, Puerto Viejo, Limón, Costa Rica",vacation_rental,Playa Negra,11364781436039210316,stay,description,food service,...a deck. Each house has a fully equipped «kitchen». 5.0 / 5 rating on Google Maps  8.0 / 1...,1
context,eat,Bungalows Calalú,hotel,Puerto Viejo,1614163454683628928,stay,description,food service,"...ed with large verandas, with or without «kitchen», screened windows, fan, and private bat...",1
context,eat,"Bungalows Punta Uva - Playa Punta Uva, Puerto Viejo, Limón, Costa Rica",vacation_rental,Punta Uva,15942771352384167456,stay,description,restaurant,"...ing room, A/C in bedrooms, TV, laundry. «Restaurant» ""Back Yard"" on site. 4.5 / 5 rating on ...",2
context,eat,"Cabinas Cable Talamanca - Playa Negra, Puerto Viejo, Limón, Costa Rica",vacation_rental,Playa Negra,7573981416846739723,stay,description,food service,...acation rental apartments with equipped «kitchen»,1
context,eat,Cabinas Jacaranda,hotel,Puerto Viejo,12370139056940041503,stay,description,food service,"...ity box, yoga, massage. Apartments with «kitchen». A/C available for extra cost. 4.3 / 5 ...",1
context,eat,"Cabinas Kuákua - Playa Negra, Puerto Viejo, Limón, Costa Rica",hotel,Playa Negra,11219479455997326756,stay,description,food service,...ath.  Rancho with fully equipped shared «kitchen» & lounge/dining area.,1
context,eat,Cabinas Monte Sol,hotel,Puerto Viejo,10951227846186482107,stay,description,food service,"...ps of friends with 3 bedrooms, 2 baths, «kitchen», terrace and TV. Open air lounge/bar ar...",1
context,eat,"Cabinas Ole Caribe - Playa Cocles, Puerto Viejo, Limón, Costa Rica",hotel,Cocles,13369944886185180649,stay,description,cafe,"...e with patio, private bath, TV, fridge, «coffee »maker, A/C. Bicycle rentals. 4.3 / 5 rat...",1
context,eat,Cabinas Talamanca,hotel,Puerto Viejo,1496101248030016772,stay,description,meals,...ang out area with billiard table. Wifi. «Breakfast» available.,1
context,eat,"Caribe Town Resort - Playa Cocles, Puerto Viejo, Limón, Costa Rica",hotel,Cocles,16161533908681591225,stay,description,meals,...site full home rental options. Full hot «breakfast» included in onsite rentals. Pool with s...,1
context,eat,"Cariblue Beach and Jungle Resort - Playa Cocles, Puerto Viejo, Limón, Costa Rica",hotel,Cocles,14658668036585456092,stay,description,restaurant,...ith lunch and dinner at their La Jungla «restaurant» and drinks at the bar. If you're not a ...,3
context,eat,"Casa Ackee - Playa Cocles, Puerto Viejo, Limón, Costa Rica",vacation_rental,Cocles,12667576250238069497,stay,description,food service,"...ze bed with single underneath. Equipped «kitchen», swimming pool, gated gate, and garden....",1
context,eat,"Casa Ambar - Playa Chiquita, Puerto Viejo, Limón, Costa Rica",vacation_rental,Playa Chiquita,18302181789419942285,stay,description,food service,"...h private bathroom, fully equipped open «kitchen» in a luminous living room. On the secon...",1
context,eat,Casa Arlecchino,vacation_rental,Puerto Viejo,13639343625190683419,stay,description,food service,"... in a garden setting with private bath, «kitchen», wifi. Italian, English and Spanish spo...",1
context,eat,Casa Black Chaini,vacation_rental,Puerto Viejo,5833894449865216635,stay,description,food service,"...e bed, fan, wifi, screen, semi-equipped «kitchen», terrace, outdoor shower, fire pit, fre...",1
context,eat,"Casa Cielo - Playa Punta Uva, Puerto Viejo, Limón, Costa Rica",vacation_rental,Punta Uva,6374413444850813378,stay,description,food service,"...2 bedrooms, 1 bath, A/C, fully equipped «kitchen», patio.",1
context,eat,"Casa Conley Del Mar - Hone Creek, Limón, Costa Rica",hotel,Hone Creek,6599527260173115828,stay,description,restaurant,"...newly built hotel with a swimming pool, «restaurant» and garden. Variety of rooms, all with ...",1
context,eat,"Casa Corazon del Mar - Playa Negra, Puerto Viejo, Limón, Costa Rica",vacation_rental,Playa Negra,9868667004367768507,stay,description,food service,"...ludes amenities such as fully furnished «kitchen», a spa style shower, beautiful jungle v...",1
context,eat,"Casa De La Trepada - Playa Punta Uva, Puerto Viejo, Limón, Costa Rica",vacation_rental,Punta Uva,2127018088757720546,stay,description,food service,"...jungle a short walk to Punta Uva beach. «Kitchen», washer, dryer. 4.2 / 5 rating on Googl...",1
context,eat,Casa Dolce Vita,hotel,Puerto Viejo,1282335974102907594,stay,description,food service,...s with shared and private baths. Shared «kitchen». Owned by a Italian couple. 4.6 / 5 rat...,1
context,eat,"Casa Galim Beach House - Playa Negra, Puerto Viejo, Limón, Costa Rica",vacation_rental,Playa Negra,4046132343523405394,stay,description,food service,... unit has a living room and an equipped «kitchen». Just 200 meters from the beach. Also k...,1
context,eat,"Casa Jeffrey - Playa Negra, Puerto Viejo, Limón, Costa Rica",vacation_rental,Playa Negra,13928153996580431887,stay,description,food service,"One bedroom vacation rental home with «kitchen», A/C, TV, pool and garden. 5.0 / 5 rati...",1
context,eat,"Casa Jungle Love - Playa Chiquita, Puerto Viejo, Limón, Costa Rica",vacation_rental,Playa Chiquita,14093799972335896635,stay,description,food service,...s with 2 futons for extra sleeping. The «kitchen» is fully equipped for cooking meals. Th...,1
context,eat,Casa Kinkaju,vacation_rental,Puerto Viejo,9120865451737148097,stay,description,food service,"...m with private bath. Exterior area with «kitchen». Secure parking, fibre optic internet, ...",1
context,eat,"Casa Luce - Playa Negra, Puerto Viejo, Limón, Costa Rica",hotel,Playa Negra,17469621114106254322,stay,description,meals,Hotel with rooms with kitchenettes. «Breakfast» included. 4.7 / 5 rating on Google Maps...,1
context,eat,"Casa Luna Beach House - Playa Negra, Puerto Viejo, Limón, Costa Rica",vacation_rental,Playa Negra,1455817631417694421,stay,description,food service,"...pstairs, spacious living room with open «kitchen» that flows right onto the deck which lo...",1
context,eat,"Casa Mandala - Playa Chiquita, Puerto Viejo, Limón, Costa Rica",shopping,Playa Chiquita,8021121814343586580,shopping,description,cafe,"...ome decor, jewelry and handicrafts. The «cafe» that was previously located here is no ...",1
context,eat,"Casa Mariposa - Playa Cocles, Puerto Viejo, Limón, Costa Rica",vacation_rental,Cocles,8900920815586328050,stay,description,food service,"...one bath house which sleeps 4, equipped «kitchen», large patio.",1
context,eat,"Casa Matix - Playa Punta Uva, Puerto Viejo, Limón, Costa Rica",vacation_rental,Punta Uva,2878562505584101773,stay,description,food service,"...bean home on raised stilts with an open «kitchen» and 2 spacious terraces, steps from the...",1
context,eat,"Casa Merlin Lodge - Playa Chiquita, Puerto Viejo, Limón, Costa Rica",hotel,Playa Chiquita,5273135705751598576,stay,description,food service,"...or apartment each with two bedrooms and «kitchen». Swimming pool, parking. 4.4 / 5 rating...",1
context,eat,"Casa Moabi - Playa Chiquita, Puerto Viejo, Limón, Costa Rica",vacation_rental,Playa Chiquita,9516383767938620040,stay,description,food service,"...oms each with private bathroom, a large «kitchen», living room and terrace; a private bun...",1
context,eat,"Casa Ocelote - Playa Negra, Puerto Viejo, Limón, Costa Rica",vacation_rental,Playa Negra,1855638920758597797,stay,description,food service,"...two sun loungers. Modern fully equipped «kitchen».  Wifi, smart TV, sleeper sofa.",1
context,eat,"Casa Osos Caribeños - Playa Chiquita, Puerto Viejo, Limón, Costa Rica",vacation_rental,Playa Chiquita,6876276989579196961,stay,description,food service,"...full sized bed, two bathrooms, equipped «kitchen», living and dining room, garden with fr...",1
context,eat,"Casa Roble de Playa Negra - Playa Negra, Puerto Viejo, Limón, Costa Rica",vacation_rental,Playa Negra,1214008658533978760,stay,description,food service,"... bed, one bathroom, and a fully stocked «kitchen». Ideal for couples, families, groups up...",1
context,eat,"Casa Theia - Playa Negra, Puerto Viejo, Limón, Costa Rica",vacation_rental,Playa Negra,8382763569328813011,stay,description,food service,"...ith one bedroom, private bath, equipped «kitchen» and focus on outdoor living.",1
context,eat,"Casa Viva - Playa Punta Uva, Puerto Viejo, Limón, Costa Rica",vacation_rental,Punta Uva,16462037703900023129,stay,description,food service,"...om bungalows with kitchens, suites with «kitchen», queen bedroom and single bed in living...",1
context,eat,Casa Wolaba,hostel,Puerto Viejo,12617501835970240553,stay,description,food service,"...ms and apartments. all with A/C. Shared «kitchen», shared quiet work space, hang out yard...",1
context,eat,"Casa de la Musa - Playa Punta Uva, Puerto Viejo, Limón, Costa Rica",vacation_rental,Punta Uva,17194360818099045148,stay,description,food service,"...ith air conditioning, 2 full bathrooms, «kitchen» with new appliances, hot water, screene...",1
context,eat,"Casas La Selvatica - Playa Chiquita, Puerto Viejo, Limón, Costa Rica",vacation_rental,Playa Chiquita,11101879544769502565,stay,description,food service,"... Casa Grande has 2 bedrooms/1 bath with «kitchen», large outdoor area with two hammocks a...",1
context,eat,"Casita Kreyol - Playa Negra, Puerto Viejo, Limón, Costa Rica",vacation_rental,Playa Negra,17447691794708739658,stay,description,cafe,"... w/induction cooktop, kitchen utensils, «coffee »station, toaster, A/C, refrigerator, fib...",2
context,eat,"Casitas Joanna - Playa Negra, Puerto Viejo, Limón, Costa Rica",vacation_rental,Playa Negra,1768768766083603441,stay,description,food service,"... the master bedroom, one powder room, a «kitchen» with cooking/serving utensils, a living...",1
context,eat,Casitas La Playa,hotel,Puerto Viejo,8798809940588504560,stay,description,restaurant,...so just a minute's stroll to the beach. «Restaurant» Todo Es Posible in front. 4.7 / 5 ratin...,1
context,eat,"Casitas Las Flores - Playa Negra, Puerto Viejo, Limón, Costa Rica",hotel,Playa Negra,13885126780319428127,stay,description,food service,"...rger bungalows are equipped with a full «kitchen» with stove, fridge and kitchenware as w...",1
context,eat,"Casitas Mar y Luz - Playa Chiquita, Puerto Viejo, Limón, Costa Rica",hotel,Playa Chiquita,8515965990195848246,stay,description,food service,...ach has a private patio and an equipped «kitchen». The large house has a large covered pa...,1
context,eat,Chinuk Boutique Hotel,hotel,Puerto Viejo,4032204592829800059,stay,description,food service,...ith 6 rooms close to the center. Shared «kitchen».,1
context,eat,"Chiquita Escondida - Playa Chiquita, Puerto Viejo, Limón, Costa Rica",vacation_rental,Playa Chiquita,5961957804184993948,stay,description,cafe,"... windows, ceiling fans, quality linens, «coffee »and tea service and local bath products....",2
context,eat,Coconut Grove Apartamentos,vacation_rental,Puerto Viejo,10763597126474435006,stay,description,food service,"...nts with private bathroom, cable TV and «kitchen» for up to 5 persons. Daily, weekly and ...",1
context,eat,"Colina Secreta - Playa Cocles, Puerto Viejo, Limón, Costa Rica",hotel,Cocles,11726717133900260893,stay,description,food service,"... options include glamping with equipped «kitchen», rooms with private bath and two fully ...",1
context,eat,Conga Boutique Hotel,hotel,Puerto Viejo,17817187932984436803,stay,description,restaurant,"...e of town. Stylish rooms, common areas, «restaurant». 4.9 / 5 rating on Google Maps  9.2 / 1...",1
context,eat,"Dano's Cabano - Playa Cocles, Puerto Viejo, Limón, Costa Rica",vacation_rental,Cocles,13596874059691247570,stay,description,food service,...ya Cocles. Covered veranda with outdoor «kitchen» and dining area. 3.5 / 5 rating on Goog...,1
context,eat,"David Valley Houses - Playa Cocles, Puerto Viejo, Limón, Costa Rica",vacation_rental,Cocles,17610491409749030649,stay,description,food service,"...sa Rio has 2 bedrooms, 1 bathroom, full «kitchen», TV, living room, hammock, wrap around ...",1
context,eat,DiTown Shop,shopping,Puerto Viejo,10112276568951936836,shopping,description,cafe,"Surf shop and «coffee »bar. Beachwear, full espresso bar and fo...",1
context,eat,"Dragonfly Beach Retreat - Playa Punta Uva, Puerto Viejo, Limón, Costa Rica",vacation_rental,Punta Uva,16775548705300829933,stay,description,food service,"...es each with 1 or 2 bedrooms, bathroom, «kitchen», porch and living room. Set in tropical...",1
context,eat,El Clan Hostel,hostel,Puerto Viejo,5201679489523559249,stay,description,food service,...oms and a fully equipped apartment with «kitchen». 4.7 / 5 rating on Google Maps  8.8 / 1...,1
context,eat,"El Nido Jungle Lodge - Playa Chiquita, Puerto Viejo, Limón, Costa Rica",hotel,Playa Chiquita,17996754399669659267,stay,description,food service,"...spacious cabina has a king sized bed, a «kitchen» with eating bar, a TV/DVD, a sofa bed a...",1
context,eat,"Escondido Retreat - Playa Negra, Puerto Viejo, Limón, Costa Rica",vacation_rental,Playa Negra,6658711880224661769,stay,description,food service,...ownstairs consists of an indoor/outdoor «kitchen» and dining area that connects to the po...,1
context,eat,Exotic Lodge,hotel,Puerto Viejo,8353070716309943884,stay,description,restaurant,Cabinas with private bath. «Restaurant» and bar. Previously named Morpheus Exot...,1
context,eat,"Finca Don Litos - Hone Creek, Limón, Costa Rica",vacation_rental,Hone Creek,15727569979150542837,stay,description,food service,"...style holiday homes for up to 6 people. «Kitchen», private bath, garden setting.",1
context,eat,"Geckoes Lodge - Playa Cocles, Puerto Viejo, Limón, Costa Rica",vacation_rental,Cocles,11623096819320863549,stay,description,food service,"... 4 await you. Each has a fully equipped «kitchen», private garden, bbq and lots of privac...",1
context,eat,"Ginger and Cacao - Playa Punta Uva, Puerto Viejo, Limón, Costa Rica",vacation_rental,Punta Uva,1074114199983889358,stay,description,food service,"...ce and privacy each with fully equipped «kitchen», WiFi and TV/cable. Villa Cacao has 1 b...",1
context,eat,"Green Jungle House - Playa Chiquita, Puerto Viejo, Limón, Costa Rica",hotel,Playa Chiquita,10566257576749882719,stay,description,food service,"... with private bath. Property has shared «kitchen», BBQ and TV lounge.  They also offer Ce...",1
context,eat,"Hidden Jungle Beach House - Playa Negra, Puerto Viejo, Limón, Costa Rica",hotel,Playa Negra,11862065950546251000,stay,description,food service,...s. You'll share the 2 bathrooms and the «kitchen» with the owners and other guests. The w...,1
context,eat,Hostal Cecilia,hotel,Puerto Viejo,11938523891103686222,stay,description,food service,"...ms, family rooms and a bungalow. Shared «kitchen» available for use. 4.1 / 5 rating on Go...",1
context,eat,"Hotel Aguas Claras - Playa Chiquita, Puerto Viejo, Limón, Costa Rica",hotel,Playa Chiquita,5319096016576692772,stay,description,restaurant,"... bedrooms or five bedrooms. Beach club, «restaurant»  and yoga salon on site. 4.8 / 5 rating...",2
context,eat,Hotel Casa Vito,hotel,Puerto Viejo,9002517690753030013,stay,description,food service,...microwave and breakfast. Apartment with «kitchen» also available. 4.9 / 5 rating on Googl...,2
context,eat,"Hotel Hawa - Hone Creek, Limón, Costa Rica",hotel,Hone Creek,12922727533389204233,stay,description,restaurant,"...e bedroom 2 bath bungalow is available. «Restaurant», Bar.",3
context,eat,Hotel Infiniti,hotel,Puerto Viejo,17030940291864121871,stay,description,food service,"...droom, 3 bathroom home with pool, large «kitchen» and a fenced secure property. 4.9 / 5 r...",2
context,eat,"Hotel Kasha - Playa Chiquita, Puerto Viejo, Limón, Costa Rica",hotel,Playa Chiquita,2789448993779357106,stay,description,restaurant,"...ms. Offers lush gardens, parking, pool, «restaurant». Bungalows have two queen beds, A/C, fa...",1
context,eat,Hotel Mandacarú,hotel,Puerto Viejo,11442698979892556145,stay,description,food service,...ree private parking and equipped shared «kitchen». Double and king rooms and an apartment...,1
context,eat,Hotel and Hostel Agapi,hostel,Puerto Viejo,7492180577056289429,stay,description,restaurant,"...tel with dorms and private rooms. Pool, «restaurant», bar, hot showers, common kitchen, yoga...",2
context,eat,"Iguana Lodge - Playa Negra, Puerto Viejo, Limón, Costa Rica",hotel,Playa Negra,8482617327334657480,stay,description,cafe,"...ng double rooms with 2 beds, microwave, «coffee »maker, A/C. 3.0 / 5 rating on Google Map...",1
context,eat,Kalunay Hostel,hostel,Puerto Viejo,13549549945867962662,stay,description,food service,... private rooms with shared bath. Shared «kitchen». 4.3 / 5 rating on Google Maps  8.0 / 1...,1
context,eat,La Casa de Rolando,hotel,Puerto Viejo,1261667056997797786,stay,description,food service,...ate bath and some with shared. Communal «kitchen». Also a 1 bedroom bungalow with kitchen...,1
context,eat,"La Costa de Papito - Playa Cocles, Puerto Viejo, Limón, Costa Rica",hotel,Cocles,15457918864809997738,stay,description,restaurant,...l with private bath. Indulgence Spa and «restaurant» on property. 4.5 / 5 rating on Google M...,1
context,eat,"La Finca Chica - Playa Cocles, Puerto Viejo, Limón, Costa Rica",vacation_rental,Cocles,15662198641513996653,stay,description,food service,"...droom natural wood houses  with 1 bath, «kitchen», wifi. Spacious private landscaped prop...",1
context,eat,"La Kukula Lodge - Playa Chiquita, Puerto Viejo, Limón, Costa Rica",hotel,Playa Chiquita,12131830785097631441,stay,description,food service,...to 6 people and an apartment suite with «kitchen» available for honeymoons/couples or fam...,2
context,eat,"La Magia Bungalows - Playa Cocles, Puerto Viejo, Limón, Costa Rica",hotel,Cocles,8216271918783135936,stay,description,food service,...creen satellite TV and a fully equipped «kitchen» with a fridge. The private bathroom is ...,1
context,eat,"La Paz del Caribe - Playa Cocles, Puerto Viejo, Limón, Costa Rica",hotel,Cocles,15133962780271824116,stay,description,cafe,"...ith private bath, fridge, microwave and «coffee »maker. Breakfast included. 5.0 / 5 ratin...",2
context,eat,La Ruka Hostel,hostel,Puerto Viejo,13859346082849828188,stay,description,food service,"... private rooms. Offers wifi, a communal «kitchen» and pool table. Rents bikes, surf board...",1
context,eat,La Tica y La Gata,hotel,Puerto Viejo,11047054352277007542,stay,description,food service,"...ol. All units have A/C, wifi, their own «kitchen» and terrace. 4.8 / 5 rating on Google M...",1
context,eat,La Tribu,hostel,Puerto Viejo,8557872311475311298,stay,description,food service,"...g a jacuzzi, hammocks and well equipped «kitchen». 4.5 / 5 rating on Google Maps  8.8 / 1...",1
context,eat,"Las Casitas de Playa Negra - Playa Negra, Puerto Viejo, Limón, Costa Rica",vacation_rental,Playa Negra,8689012956679917112,stay,description,food service,"Full equipped apartments, 2 bedrooms, «kitchen» and livingroom.
Just 100mt from the bea...",1
context,eat,"Los Continentes - Playa Cocles, Puerto Viejo, Limón, Costa Rica",vacation_rental,Cocles,16195237219481974530,stay,description,cafe,"...ng, TV, free Wi-Fi, kitchen (microwave, «coffee »maker, rice cooker, blender, refrigerato...",2
context,eat,"Los Proyectos Moderno - Playa Punta Uva, Puerto Viejo, Limón, Costa Rica",vacation_rental,Punta Uva,17163510404658526674,stay,description,food service,"...s, two bathrooms, living room, terrace, «kitchen» and more.",1
context,eat,"Luna Caribeña Village - Playa Chiquita, Puerto Viejo, Limón, Costa Rica",vacation_rental,Playa Chiquita,5703354943109126310,stay,description,food service,"...th 1 or 2 bedrooms, with fully-equipped «kitchen». Surrounded by tropical gardens, 2 pool...",1
context,eat,"Madre Selva Jungle Hostel - Playa Cocles, Puerto Viejo, Limón, Costa Rica",hostel,Cocles,18351627144969519384,stay,description,food service,...m the beach. Breakfast included. Shared «kitchen» and hangout areas. 4.2 / 5 rating on Go...,2
context,eat,"Magic Moon Beach House - Playa Negra, Puerto Viejo, Limón, Costa Rica",vacation_rental,Playa Negra,7455182900583969326,stay,description,food service,...er floor). The house has a large modern «kitchen» and is fully equipped with all the mode...,1
context,eat,Mariscos Mopri,shopping,Puerto Viejo,15490944357828439393,shopping,description,restaurant,"...h, Shrimp, Mussels, Lobster etc. Casual «restaurant» serving seafood dishes.  Now located ac...",1
context,eat,Maritza Hotel,hotel,Puerto Viejo,7612264151773034204,stay,description,food service,"...e, safe. The property also has a shared «kitchen», parking, 24 hour reception. They also ...",1
context,eat,Namu Garden Hotel and Spa,hotel,Puerto Viejo,18141110668997261824,stay|wellness,description,restaurant,"...Some units with private pools. Spa. NÚM «restaurant», café and bar. 4.6 / 5 rating on Google...",2
context,eat,"Namuwoki Lodge - Playa Chiquita, Puerto Viejo, Limón, Costa Rica",hotel,Playa Chiquita,7633661990399056727,stay,description,restaurant,...ch can accommodate from 2 to 6 persons. «Restaurant». 4.5 / 5 rating on Google Maps  8.3 / 1...,1
context,eat,Oasis Beachfront Hostel,hostel,Puerto Viejo,3806869317536833401,stay,description,food service,"...ping right on the beach with an outdoor «kitchen», a lot of hammocks to relax in the gard...",1
context,eat,"Olguita's Place - Playa Punta Uva, Puerto Viejo, Limón, Costa Rica",vacation_rental,Punta Uva,8905623640105890404,stay,description,food service,"...ntal home with 2 bedrooms, 2 bathrooms, «kitchen». Quiet location right off the beach. 4....",1
context,eat,Olinca Boutique Hotel,hotel,Puerto Viejo,17724938072232701259,stay,description,restaurant,Boutique hotel and «restaurant» with 18 suites and villas set around a ...,3
context,eat,"Olivia del Caribe - Playa Negra, Puerto Viejo, Limón, Costa Rica",hotel,Playa Negra,11649313152541943974,stay,description,food service,...dation. Double rooms and a suite with a «kitchen». Pool. Or the whole 5 bedroom property ...,1
context,eat,"Our Beachfront Bungalow - Playa Punta Uva, Puerto Viejo, Limón, Costa Rica",vacation_rental,Punta Uva,10207460585524901017,stay,description,food service,"... the beach at Punta Uva. Fully equipped «kitchen», terrace. A/C in the bedrooms. 4.5 / 5 ...",1
context,eat,"Pachamama Jungle River Lodge - Playa Punta Uva, Puerto Viejo, Limón, Costa Rica",hotel,Punta Uva,17505879167034120949,stay,description,food service,"... 2 bedrooms. Each villa has an equipped «kitchen», a bathroom with a hot shower, very com...",1
context,eat,Pagalu Hostel,hostel,Puerto Viejo,16584181162103313991,stay,description,food service,...e bath. Spacious common area and shared «kitchen». 4.5 / 5 rating on Google Maps  9.1 / 1...,1
context,eat,"Pipa Lodge - Playa Cocles, Puerto Viejo, Limón, Costa Rica",hotel,Cocles,2503861879451247980,stay,description,food service,"...s a shared rancho with a fully equipped «kitchen» and dining area. Each bungalow has A/C,...",1
context,eat,"Playa 506 - Playa Cocles, Puerto Viejo, Limón, Costa Rica",hostel,Cocles,14615341747601449576,stay,description,restaurant,...e rooms and tents. Shared kitchen. Sage «restaurant» and beer garden is here which is availa...,2
context,eat,Puerto Viejo Golf Carts,tour_company,Puerto Viejo,4544300389782328912,things-to-do,description,restaurant,...erally on display outside Cafe Viejo or «Restaurante» Bar Tamara but you will need to contact...,2
context,eat,"Punta Uva Dive Center - Playa Punta Uva, Puerto Viejo, Limón, Costa Rica",tour_company,Punta Uva,1382996174802571516,things-to-do,description,cafe,...n Water SUP Tours. There's also a small «cafe» for drinks and food.,1
context,eat,"Pura Bali Villas - Playa Chiquita, Puerto Viejo, Limón, Costa Rica",vacation_rental,Playa Chiquita,17671006442397185195,stay,description,food service,"...ms with AC, spacious decks with outdoor «kitchen» and jacuzzi.",1
context,eat,"Relax Natural Village - Playa Cocles, Puerto Viejo, Limón, Costa Rica",hotel,Cocles,1359064883656104943,stay,description,meals,...ce and spacious and luxurious bathroom. «Breakfast» included. 4.9 / 5 rating on Google Maps...,1
context,eat,Rocking J's Hostel,hostel,Puerto Viejo,2849080077759072513,stay,description,restaurant,"...oms, suites, dorms, hammocks and tents. «Restaurant», bar, tour desk and surf school on site...",1
context,eat,"Samasati Yoga and Wellness Retreat - Hone Creek, Limón, Costa Rica",hotel,Hone Creek,2378802529330389577,stay|things-to-do|wellness,description,restaurant,...vegetarian buffet served in an open air «restaurant». Also available on site are healing mas...,1
context,eat,"Saranda Hotel Boutique - Playa Negra, Puerto Viejo, Limón, Costa Rica",hotel,Playa Negra,7564004912244932325,stay,description,restaurant,"...xternal bath and some with shared bath. «Restaurant», bar, pool. 4.7 / 5 rating on Google Ma...",1
context,eat,"Shawandha Lodge - Playa Chiquita, Puerto Viejo, Limón, Costa Rica",hotel,Playa Chiquita,11584809782208466783,stay,description,restaurant,"...idually art designed  bungalows. French «restaurant». New swimming pool with waterfall, surr...",1
context,eat,"Sloth House 2 - Playa Negra, Puerto Viejo, Limón, Costa Rica",vacation_rental,Playa Negra,11323383828584457886,stay,description,food service,...1 bath and private pool. Fully equipped «kitchen». Eco friendly design. Previously named ...,1
context,eat,"Smile Jungle Hostel - Playa Cocles, Puerto Viejo, Limón, Costa Rica",hostel,Cocles,15792014508348842214,stay,description,meals,...rms and private rooms with shared bath. «Breakfast» included. 4.9 / 5 rating on Google Maps...,1
context,eat,"Sonora Jungle Retreat - Playa Negra, Puerto Viejo, Limón, Costa Rica",hotel,Playa Negra,13462000015508270895,stay,description,restaurant,... pool and breakfast area. Da Alessandra «restaurant» for dinner. 4.7 / 5 rating on Google Ma...,2
context,eat,Soul Rebel Hostel,hostel,Puerto Viejo,1470909826947842376,stay,description,food service,... an apartment. Hang out area and shared «kitchen». Previously named Backpackers Caribe. 4...,1
context,eat,Sueño Grande Bed and Breakfast,hotel,Puerto Viejo,5641578059331896840,stay,description,meals,"...ttes, organic amenities and continental «breakfast». The tropical wood home sleeps 4, with ...",1
context,eat,"Super Banana Gourmet Market - Playa Negra, Puerto Viejo, Limón, Costa Rica",shopping,Playa Negra,17944942059124723912,shopping,description,cafe,"...roceries, fresh produce, beer and wine, «coffee», takeaway meals.",1
context,eat,"Tasty Dayz Hostel - Playa Cocles, Puerto Viejo, Limón, Costa Rica",hostel,Cocles,8755282126859435083,stay,description,restaurant,...ing water and communal kitchen use. Bar/«restaurant» Tasty Waves Cantina on site. 4.1 / 5 ra...,3
context,eat,"Terrazas del Caribe - Playa Cocles, Puerto Viejo, Limón, Costa Rica",vacation_rental,Cocles,15602414082115305191,stay,description,food service,"...type 8. All have terraces, living room, «kitchen», satellite tv, A/C, safe, wifi. 4.6 / 5...",1
context,eat,"The Mimosas Container Homes - Playa Negra, Puerto Viejo, Limón, Costa Rica",vacation_rental,Playa Negra,10848512872328092857,stay,description,food service,"...h has one bedroom, bath and an equipped «kitchen». 4.0 / 5 rating on Google Maps  7.3 / 1...",1
context,eat,"Tres Lodge - Playa Chiquita, Puerto Viejo, Limón, Costa Rica",vacation_rental,Playa Chiquita,17306174628636276319,stay,description,food service,"...ps up to 10. Each house has an equipped «kitchen», wifi and private bath. 4.6 / 5 rating ...",1
context,eat,Umami Hotel Garden Spa,hotel,Puerto Viejo,9701222676819002481,stay|wellness,description,restaurant,...Facilities onsite include the Mar y Sal «restaurant» and Umami Spa. 4.6 / 5 rating on Google...,1
context,eat,"Up! House - Playa Chiquita, Puerto Viejo, Limón, Costa Rica",vacation_rental,Playa Chiquita,386602587240645860,stay,description,food service,"... one bathroom, with a living/dining and «kitchen» area that opens up onto the tropical ga...",1
context,eat,"Uva Blue Jungle Villas - Playa Chiquita, Puerto Viejo, Limón, Costa Rica",vacation_rental,Playa Chiquita,9838950680602433731,stay,description,food service,"..., the villas come with a fully equipped «kitchen» and are self contained; cook your favou...",1
context,eat,"Villa Abejita - Playa Negra, Puerto Viejo, Limón, Costa Rica",vacation_rental,Playa Negra,17566723912022559610,stay,description,food service,"...i, workspaces, gas grill, well-provided «kitchen», secure parking for 3 cars, and tropica...",2
context,eat,"Villa Aragon - Playa Negra, Puerto Viejo, Limón, Costa Rica",vacation_rental,Playa Negra,410104999530083035,stay,description,food service,"... spacious living room, a fully equipped «kitchen», a large terrace with dining area, a po...",1
context,eat,"Villa Aurora - Playa Cocles, Puerto Viejo, Limón, Costa Rica",vacation_rental,Cocles,2778057777928120817,stay,description,food service,...arilla has two bedrooms and an equipped «kitchen». The property has a pool.,1
context,eat,"Villa Cabú - Playa Chiquita, Puerto Viejo, Limón, Costa Rica",vacation_rental,Playa Chiquita,2579895199015686682,stay,description,food service,"... home with private pool, fully equipped «kitchen» and wifi.",1
context,eat,"Villa Casa Azul y Arena Blanca Apartamentos - Playa Chiquita, Puerto Viejo, Limón, Costa Rica",vacation_rental,Playa Chiquita,15567706438348473704,stay,description,food service,"...arking. All units have a fully equipped «kitchen», a private bathroom and a terrace or ba...",1
context,eat,"Villa Elita - Playa Cocles, Puerto Viejo, Limón, Costa Rica",vacation_rental,Cocles,3811950339808245976,stay,description,food service,"... smart TV,BBQ, solarium, fully equipped «kitchen». 5.0 / 5 rating on Google Maps  10.0 / ...",1
context,eat,"Villa Laurel - Playa Cocles, Puerto Viejo, Limón, Costa Rica",vacation_rental,Cocles,7902224320478214928,stay,description,food service,"... beach towel, bed-linen, fully-equipped «kitchen», wireless internet are included. Access...",1
context,eat,"Villa Mena Apartments - Hone Creek, Limón, Costa Rica",hotel,Hone Creek,2340777439094833292,stay,description,food service,"...up to 5 persons. All have A/C, equipped «kitchen», parking, cable TV and hot water.",1
context,eat,"Villa Rameen - Playa Cocles, Puerto Viejo, Limón, Costa Rica",vacation_rental,Cocles,4271339890778489202,stay,description,food service,"...he beach. 2 bedrooms with a double bed, «kitchen»/living room, beautiful bathroom with tr...",1
context,eat,"Villa del Mar - Playa Chiquita, Puerto Viejo, Limón, Costa Rica",vacation_rental,Playa Chiquita,10974417683706909929,stay,description,food service,"...e bedroom with double bed ceiling  fan, «kitchen» with basics and bathroom with the toile...",1
context,eat,"Villa del Mito - Playa Negra, Puerto Viejo, Limón, Costa Rica",vacation_rental,Playa Negra,3772885646337615062,stay,description,food service,...ks in all bedrooms. The living room and «kitchen» share open space with vaulted ceilings ...,2
context,eat,"Villas Allen - Playa Negra, Puerto Viejo, Limón, Costa Rica",hotel,Playa Negra,11115647409204137584,stay,description,cafe,"...e. Fully equipped with kitchen, fridge, «coffee »maker, microwave, cable TV, fan. Pool, f...",2
context,eat,"Villas Banana Verde - Playa Negra, Puerto Viejo, Limón, Costa Rica",vacation_rental,Playa Negra,3491417544238941664,stay,description,restaurant,"...that Banana Azul offers including pool, «restaurant» and beach club. 4.8 / 5 rating on Googl...",2
context,eat,"Villas Diwo - Hone Creek, Limón, Costa Rica",vacation_rental,Hone Creek,5114266921704520486,stay,description,food service,"...la has 1 bedroom, bathroom and equipped «kitchen». A/C and BBQ.",1
context,eat,"Villas Lomas del Caribe - Playa Cocles, Puerto Viejo, Limón, Costa Rica",vacation_rental,Cocles,8862541351972983241,stay,description,food service,"... garden. Inside there is a living room, «kitchen», two bedrooms each with queen bed and t...",1
context,eat,"Villas Mapache del Caribe - Playa Negra, Puerto Viejo, Limón, Costa Rica",vacation_rental,Playa Negra,13447229575814168735,stay,description,food service,"... bedrooms, one bathroom, fully equipped «kitchen», living room and terrace.",1
context,eat,"Villas Piña - Playa Negra, Puerto Viejo, Limón, Costa Rica",vacation_rental,Playa Negra,2206313602652580226,stay,description,meals,"... common rancho area with swimming pool, «breakfast» area and a large roof top deck for sunn...",1
context,eat,"Villas Ríos del Caribe - Playa Negra, Puerto Viejo, Limón, Costa Rica",vacation_rental,Playa Negra,4133532355689727929,stay,description,food service,"...e bedroom villa has 1 or 2 double beds, «kitchen» and A/C.",1
context,eat,"Villas Serenidad - Playa Negra, Puerto Viejo, Limón, Costa Rica",vacation_rental,Playa Negra,12865192766844460074,stay,description,food service,"...s. All are equipped with fully-equipped «kitchen», Wi-Fi and private parking. 4.6 / 5 rat...",1
context,eat,"Villas de la Luz - Playa Negra, Puerto Viejo, Limón, Costa Rica",vacation_rental,Playa Negra,7675665734638034793,stay,description,food service,"...ls with 1 bedroom, 1 bathroom, equipped «kitchen», large patio and pool on property. 5.0 ...",1
context,eat,"Villas del Caribe - Playa Chiquita, Puerto Viejo, Limón, Costa Rica",hotel,Playa Chiquita,12050033515189885654,stay,description,restaurant,...ed. Pool and jacuzzi. The Spicy Coconut «restaurant» is located at the hotel. 4.3 / 5 rating...,2
context,eat,"Wabi Sabi - Playa Punta Uva, Puerto Viejo, Limón, Costa Rica",vacation_rental,Punta Uva,6415805193363578026,stay,description,food service,... smart TV. Starlink Wifi. Fully stocked «kitchen». Terrace with hammocks. Steps from Arre...,1
context,eat,Washboard,services,Puerto Viejo,8840035579056537434,services,description,cafe,"«Cafe», laundromat and bar, providing self-ser...",1
context,eat,"Yoshi's on the Beach - Playa Negra, Puerto Viejo, Limón, Costa Rica",vacation_rental,Playa Negra,6607101811087559551,stay,description,food service,... conditioned. Modern home with equipped «kitchen»  and  spacious indoor/outdoor  living a...,1
context,eat,Yucca Beachfront Hotel,hotel,Puerto Viejo,6124202353518117731,stay,description,food service,"... suitable for 1 to 4 persons. Some with «kitchen». All with private baths, terrace with h...",1
context,stay,Amimodo Restaurant,restaurant,Puerto Viejo,14941158757917200222,eat,description,rooms/resort,...urf spot. They also offer Amimodo Beach «Rooms».,1
context,stay,"Azul Bar and Grill - Playa Negra, Puerto Viejo, Limón, Costa Rica",restaurant,Playa Negra,2898935241958549311,eat|nightlife,description,hotel,... days a week. Breakfast is included for «hotel» guests but others are welcome for a fee...,1
context,stay,Best Travel Puerto Viejo,tour_company,Puerto Viejo,15210314141344220556,things-to-do,description,hotel,"...vel agency offering tour, transport and «hotel» bookings. They also operate their own t...",1
context,stay,"Black Shack Surf School - Playa Cocles, Puerto Viejo, Limón, Costa Rica",services,Cocles,11736483113495327139,services,description,hotel,...ocles beach (right in front of Cariblue «hotel»). The school was founded by Ronald Brow...,1
context,stay,"Caribe Fun Tours - Playa Negra, Puerto Viejo, Limón, Costa Rica",tour_company,Playa Negra,13054634241932126885,things-to-do,description,hotel,Tour company operating out of «Hotel» Banana Azul that offers local tours plu...,1
context,stay,"Caribeans Coffee and Chocolate - Playa Cocles, Puerto Viejo, Limón, Costa Rica",restaurant,Cocles,8711730419987475064,eat,description,rooms/resort,"...ee house, chocolate factory and tasting «room». Smoothies and light meals too. Offers ...",1
context,stay,"Da Lime Beach Club and Restaurant - Playa Chiquita, Puerto Viejo, Limón, Costa Rica",restaurant,Playa Chiquita,5875257995302760665,eat,description,hotel,Beach club and restaurant located at «Hotel» Aguas Claras. Cocktails. Lunch options ...,1
context,stay,"Finca Tierra - Playa Cocles, Puerto Viejo, Limón, Costa Rica",tour_company,Cocles,15105583459127739828,things-to-do,description,cabins,...rs & farm to table ecolodge. Also rents «cabins».,2
context,stay,"Indulgence Spa - Playa Cocles, Puerto Viejo, Limón, Costa Rica",services,Cocles,12067959796908866585,services|wellness,description,hotel,...products. Located at La Costa de Papito «Hotel».,1
context,stay,Lulu's Place,restaurant,Puerto Viejo,3766450624092844612,eat,description,vacation rental,"...ternet, A/C, coworking. They also offer «guesthouse» accommodation at Casita de Lulu. Run by...",1
context,stay,"Pizzeria Pulcinella - Playa Chiquita, Puerto Viejo, Limón, Costa Rica",restaurant,Playa Chiquita,16086292581675314185,eat,description,hotel,...d brick oven. Located at El Nido Jungle «Lodge».,1
context,stay,Puerto Viejo Multicentro,services,Puerto Viejo,11540051154473046732,services,description,rooms/resort,...mmunity organizations and has a meeting «room» which can be rented for events. Also ha...,1
context,stay,Spanish School Pura Vida,services,Puerto Viejo,15049167550943815650,services,description,hotel,...ns. Classes held at their school inside «Hotel» Pura Vida or at their Playa Negra campu...,1
context,stay,Spanish by the Sea,services,Puerto Viejo,439116677363621136,services,description,hostel,"...e accommodation with  options including «hostel» beds, private rooms and homestay",2
context,stay,"Spicy Coconut - Playa Chiquita, Puerto Viejo, Limón, Costa Rica",restaurant,Playa Chiquita,9500835097815952703,eat,description,vacation rental,Restaurant at «Villas» del Caribe open for lunch and dinner. P...,1
context,stay,"Surya Spa - Playa Cocles, Puerto Viejo, Limón, Costa Rica",services,Cocles,1958769090411140405,services|wellness,description,hotel,"...treatments, available for both Cariblue «hotel» guests and non-guests.",1
context,stay,"Sushi Wave - Playa Cocles, Puerto Viejo, Limón, Costa Rica",restaurant,Cocles,18334594677246073631,eat,description,rooms/resort,...ar located at Cariblue Beach and Jungle «Resort» with beachfront dining.,1
context,stay,Svastha Yoga & Ayurveda Café,services,Puerto Viejo,8317123943686846949,eat|services|things-to-do|wellness,description,hostel,...ayurvedic vegetarian restaurant. 12-bed «hostel» offering shared accommodation for group...,1
context,stay,"Tasty Waves Cantina - Playa Cocles, Puerto Viejo, Limón, Costa Rica",restaurant,Cocles,10844386752467925201,eat,description,hostel,"..., movies, trivia. Located at Tasty Dayz «Hostel». 4.5 / 5 rating on Google Maps  4.5 / 5...",1
context,stay,Todo Es Posible,restaurant,Puerto Viejo,10857452245923386259,eat,description,vacation rental,... restaurant open for dinner. Located at «Casitas» La Playa,1
context,things-to-do,Amimodo Restaurant,restaurant,Puerto Viejo,14941158757917200222,eat,description,surf,... fusion cuisine in front of Salsa Brava «surf» spot. They also offer Amimodo Beach Roo...,1
context,things-to-do,"Bambutel - Playa Cocles, Puerto Viejo, Limón, Costa Rica",hotel,Cocles,14224886783313130797,stay,description,adventure,"...e beds. Room types include double room, «quad» room and apartment. Café Selva restaura...",1
context,things-to-do,"Banana Azul - Playa Negra, Puerto Viejo, Limón, Costa Rica",hotel,Playa Negra,3301165288581347626,stay,description,tours,"...16 and offers restaurant, bar, pool and «tour» kiosk. Beach views, tropical gardens, c...",1
context,things-to-do,"Blossom Paradise Retreat - Playa Negra, Puerto Viejo, Limón, Costa Rica",vacation_rental,Playa Negra,11364781436039210316,stay,description,yoga,"...ve access to the pool, jacuzzi, bbq and «yoga» deck. Each house has a fully equipped k...",1
context,things-to-do,Cabinas Jacaranda,hotel,Puerto Viejo,12370139056940041503,stay,description,yoga,"...parking, laundry service, security box, «yoga», massage. Apartments with kitchen. A/C ...",1
context,things-to-do,Cabinas Mitchaelles,hotel,Puerto Viejo,13327167442180512504,stay,description,adventure,"...e rooms with shared bath and double and «quad» rooms with private bath,  TV. Some room...",1
context,things-to-do,Cacao Huasi,restaurant,Puerto Viejo,1242408439996904931,eat,description,classes,"Chocolate «classes», restaurant and cocktails",1
context,things-to-do,"Caribeans Coffee and Chocolate - Playa Cocles, Puerto Viejo, Limón, Costa Rica",restaurant,Cocles,8711730419987475064,eat,description,tours,... Offers the Chocolate Forest Experience «Tour» where you can see the chocolate making ...,2
context,things-to-do,"Casa Mariposa - Playa Cocles, Puerto Viejo, Limón, Costa Rica",vacation_rental,Cocles,8900920815586328050,stay,description,wildlife,"...urrounded by lush vegetation & abundant «wildlife», yet only 200 yards from beautiful Cocl...",1
context,things-to-do,"Casa Viva - Playa Punta Uva, Puerto Viejo, Limón, Costa Rica",vacation_rental,Punta Uva,16462037703900023129,stay,description,wildlife,... in the heart of the Gandoca-Manzanillo «Wildlife» Refuge with 600 ft. frontage on Punta U...,2
context,things-to-do,Casa de la Cultura,services,Puerto Viejo,8404229099084152409,services|shopping,description,classes,...ll used for various events. Public high «school» for Puerto Viejo. Also known as Liberty...,1
context,things-to-do,"Casas del Caribe - Playa Chiquita, Puerto Viejo, Limón, Costa Rica",vacation_rental,Playa Chiquita,2489061038640189430,stay,description,tours,"...g your travel and transportation plans, «tours» and activities.",1
context,things-to-do,"Centro Educativo Playa Chiquita Punta Uva - Playa Chiquita, Puerto Viejo, Limón, Costa Rica",services,Playa Chiquita,15763192850089670329,services,description,classes,Private «school» offering classes for students from Kind...,1
context,things-to-do,"Cervecera Tierra y Libertad - Hone Creek, Limón, Costa Rica",shopping,Hone Creek,18282199755586445336,shopping,description,tours,...e in several locations locally. Brewery «tours» by appointment.,1
context,things-to-do,"Chimuri Beach Retreat - Playa Negra, Puerto Viejo, Limón, Costa Rica",vacation_rental,Playa Negra,6051193694241034944,stay,description,yoga,"...imum), weekly and monthly rates. Ananda «Yoga» studio on property with regular classes...",2
context,things-to-do,Ciclo Tuanis,services,Puerto Viejo,13918274438659118327,services,description,bike rental,One of the larger «bike rental» places in town. Friendly. Repairs.,1
context,things-to-do,DiTown Shop,shopping,Puerto Viejo,10112276568951936836,shopping,description,surf,"«Surf» shop and coffee bar. Beachwear, full es...",1
context,things-to-do,"Dragonfly Beach Retreat - Playa Punta Uva, Puerto Viejo, Limón, Costa Rica",vacation_rental,Punta Uva,16775548705300829933,stay,description,yoga,...h. Adults only property with a pool and «yoga» studio. 4.6 / 5 rating on Google Maps  ...,1
context,things-to-do,Earth to Skin,services,Puerto Viejo,6047083801083296069,services,description,yoga,"...tion experience which 
includes partner «yoga» (no experience/partner needed), organic...",1
context,things-to-do,Eñe Spanish Teachers,services,Puerto Viejo,8716363808718267189,services,description,classes,"...whole Puerto Viejo area, offers Spanish «Classes» in the quiet and comfort of your Caribb...",1
context,things-to-do,"Green Jungle House - Playa Chiquita, Puerto Viejo, Limón, Costa Rica",hotel,Playa Chiquita,10566257576749882719,stay,description,adventure,"...uble rooms with shared or private bath, «Quad» and family rooms with private bath. Pro...",1
context,things-to-do,"Hotel Aguas Claras - Playa Chiquita, Puerto Viejo, Limón, Costa Rica",hotel,Playa Chiquita,5319096016576692772,stay,description,yoga,"...e bedrooms. Beach club, restaurant  and «yoga» salon on site. 4.8 / 5 rating on Google...",1
context,things-to-do,Hotel and Hostel Agapi,hostel,Puerto Viejo,7492180577056289429,stay,description,surf,"... showers, common kitchen, yoga classes, «surf» lessons, massage, coworking space. Day ...",3
context,things-to-do,"Jaguar Inn Bungalows - Playa Chiquita, Puerto Viejo, Limón, Costa Rica",hotel,Playa Chiquita,4375569377161762321,stay,description,wildlife,The «Jaguar Rescue» Center now also offers bungalow accommo...,1
context,things-to-do,"Kona Wellness Shala - Playa Cocles, Puerto Viejo, Limón, Costa Rica",services,Cocles,11573433909437604022,services,description,yoga,"Wellness studio offering «yoga», meditation and other classes",2
context,things-to-do,"La Kukula Lodge - Playa Chiquita, Puerto Viejo, Limón, Costa Rica",hotel,Playa Chiquita,12131830785097631441,stay,description,tours,"..., free wifi, parking, laundry, desk for «tours» and transportation. 4.7 / 5 rating on G...",1
context,things-to-do,La Ruka Hostel,hostel,Puerto Viejo,13859346082849828188,stay,description,surf,"...al kitchen and pool table. Rents bikes, «surf» boards and snorkel gear. Located just o...",2
context,things-to-do,Librería Caribe,shopping,Puerto Viejo,9017085322259588567,eat|shopping,description,classes,"Stationary, books, «school» supplies",1
context,things-to-do,"Los Proyectos Moderno - Playa Punta Uva, Puerto Viejo, Limón, Costa Rica",vacation_rental,Punta Uva,17163510404658526674,stay,description,wildlife,"...s tucked away in the Gandoca Manzanillo «wildlife» reserve. There are two bedrooms, two ba...",1
context,things-to-do,Oasis Beachfront Hostel,hostel,Puerto Viejo,3806869317536833401,stay,description,wildlife,...x in the garden where you can watch the «wildlife» pass by. 3.8 / 5 rating on Google Maps ...,1
context,things-to-do,Olinca Boutique Hotel,hotel,Puerto Viejo,17724938072232701259,stay,description,adventure,"... Suites available in double, triple and «quad» options, all with A/C and private bath ...",1
context,things-to-do,"Perla Negra Beachfront - Playa Negra, Puerto Viejo, Limón, Costa Rica",hotel,Playa Negra,4419914265315119799,stay,description,adventure,"...ew of sea or garden. Double, triple and «quad»/family rooms as well as studios, apartm...",1
context,things-to-do,"Proyecto Educativo Semillas de Paz - Playa Chiquita, Puerto Viejo, Limón, Costa Rica",services,Playa Chiquita,938478883870584374,services,description,classes,"Offering «classes» to students at the nursery, kindergarte...",1
context,things-to-do,Puerto Viejo Bike Rentals,services,Puerto Viejo,8630472141589888435,services,description,surf,...d kids bikes. Child seats and trailers. «Surf» racks. Delivery and road-side assistanc...,1
context,things-to-do,"Pura Ride by Ciclo Cocles - Playa Cocles, Puerto Viejo, Limón, Costa Rica",services,Cocles,5955362533549979086,services,description,tours,"...and ATV rentals, repairs and sales. ATV «tours». They have 5 locations in the Puerto Vi...",2
context,things-to-do,"Pure Love Liberation - Playa Cocles, Puerto Viejo, Limón, Costa Rica",services,Cocles,15543805518497480345,services,description,yoga,"...issue massage, relaxation massage, Thai «yoga» massage, cranial sacral therapy, reiki ...",1
context,things-to-do,Rocking J's Hostel,hostel,Puerto Viejo,2849080077759072513,stay,description,tours,"...s, hammocks and tents. Restaurant, bar, «tour» desk and surf school on site. 4.0 / 5 r...",3
context,things-to-do,Salsa Brava Beach Bar,restaurant,Puerto Viejo,15009365918254941244,eat|nightlife,description,classes,...Ask about their Caribbean Spoon cooking «classes» and latin dance classes.,1
context,things-to-do,Spanish by the Sea,services,Puerto Viejo,439116677363621136,services,description,classes,Offering Spanish «classes» in a tropical setting and a relaxed atm...,1
context,things-to-do,TRIBU functional training,services,Puerto Viejo,4586270756459627380,services,description,classes,... offers fitness and functional training «classes» in Puerto Viejo. Open now.,1
context,things-to-do,"Tierra de Suenos Lodge - Playa Chiquita, Puerto Viejo, Limón, Costa Rica",hotel,Playa Chiquita,3078819024997403606,stay,description,yoga,"...ess Center programs onsite at Tierra de «Yoga», the area's largest outdoor training pa...",2
context,things-to-do,"Tree House Lodge - Playa Chiquita, Puerto Viejo, Limón, Costa Rica",hotel,Playa Chiquita,4964431491684239389,stay,description,wildlife,...d is visited by a wide variety of other «wildlife» as well. The large property with only s...,1
context,things-to-do,"Veronica's Place Cooking Class - Playa Cocles, Puerto Viejo, Limón, Costa Rica",services,Cocles,14733147586219926929,services,description,classes,Cooking «classes» and permaculture farm from long time Pu...,1
context,things-to-do,"Villas Allen - Playa Negra, Puerto Viejo, Limón, Costa Rica",hotel,Playa Negra,11115647409204137584,stay,description,tours,"...rking, laundry service, bikes for rent, «tour» information. 4.4 / 5 rating on Google M...",1
context,things-to-do,"Villas Itaita - Playa Punta Uva, Puerto Viejo, Limón, Costa Rica",vacation_rental,Punta Uva,176499380080555804,stay,description,wildlife,"...native Caribbean species, you would see «wildlife», such as watusas, toucans, sloths, monk...",1
context,things-to-do,"Villas Serenidad - Playa Negra, Puerto Viejo, Limón, Costa Rica",vacation_rental,Playa Negra,12865192766844460074,stay,description,surf,"...pe designer and just 50 meters from the «surf», at the quiet Playa Negra beach. Each c...",1
context,shopping,7 Ice Creams,restaurant,Puerto Viejo,13904096282139076225,eat,description,goods,"«Ice cream», crepes, smoothies and coffee",1
context,shopping,ATEC,tour_company,Puerto Viejo,11890875733593568965,things-to-do,description,goods,"...le in Talamanca. Also has cards, books, «souvenirs» and a couple of internet terminals.",1
context,shopping,BAC Credomatic ATM,services,Puerto Viejo,17219624679350508173,services,description,shop/store,...ere is a second BAC ATM at Puerto Viejo «Shops» here.,1
context,shopping,Bloom Cafe & Donas,restaurant,Puerto Viejo,3622931891880684663,eat,description,goods,...s the space becomes Bloom Nocturno with «craft» cocktails.,1
context,shopping,"Café del Mar - Playa Cocles, Puerto Viejo, Limón, Costa Rica",restaurant,Cocles,11273521356461778959,eat,description,shop/store,Coffee «shop» offering espresso drinks and food in a ...,1
context,shopping,Calipso,restaurant,Puerto Viejo,8483815143288546232,eat,description,goods,Coffee and drinks along with «clothing» and other products from local designers...,1
context,shopping,"Casa Jungle Love - Playa Chiquita, Puerto Viejo, Limón, Costa Rica",vacation_rental,Playa Chiquita,14093799972335896635,stay,description,market,... beach and right next door to a gourmet «market». The house is 1 bedroom and 2 bathrooms...,1
context,shopping,Chile Rojo,restaurant,Puerto Viejo,2449275981368445735,eat,description,market,...n drag across from the beach and crafts «market».,2
context,shopping,Clínica de Especialidades Médicas San Gabriel,services,Puerto Viejo,13864196564288057579,services|wellness,description,pharmacy,"...vices including 24 hour emergency care, «pharmacy», pediatrics, gynecology, and general me...",1
context,shopping,"El Pampa Asador - Playa Negra, Puerto Viejo, Limón, Costa Rica",restaurant,Playa Negra,1774712170744498946,eat,description,goods,"Restaurant, «bakery» and chicken rostería.",1
context,shopping,Gelateria Deelite,restaurant,Puerto Viejo,11995643747907112875,eat,description,goods,"Artesanal Italian «ice cream», espresso, breakfast and brunch, acai b...",1
context,shopping,Gigi O Restaurant,restaurant,Puerto Viejo,4732141069441829785,eat,description,goods,"Restaurant, «bakery», bar, café, art gallery, museum, and li...",1
context,shopping,"Kaya's Place - Playa Negra, Puerto Viejo, Limón, Costa Rica",hotel,Playa Negra,8816532573875491055,stay,description,goods,"...abins. Onsite restaurant, bar and micro-«craft» brewery. Hotel also called Hotel Playa ...",1
context,shopping,La Parada Cafeteria,restaurant,Puerto Viejo,17702928579971376532,eat,description,goods,"Cafe, restaurant and «souvenir» stand at the main Puerto Viejo bus stop...",1
context,shopping,La Tribu,hostel,Puerto Viejo,8557872311475311298,stay,description,shop/store,«Boutique» hostel for women only. Dormitories with...,1
context,shopping,"Las Palomas - Playa Cocles, Puerto Viejo, Limón, Costa Rica",vacation_rental,Cocles,3948210368762528971,stay,description,shop/store,"Five «boutique» vacation villas, each with two bedrooms...",1
context,shopping,Lulu's Place,restaurant,Puerto Viejo,3766450624092844612,eat,description,shop/store,"...afe. Locally made art, gifts and coffee «shop». Internet, A/C, coworking. They also of...",1
context,shopping,"Mecca - Playa Negra, Puerto Viejo, Limón, Costa Rica",hotel,Playa Negra,9816532667813567561,stay,description,shop/store,"«Boutique» adult-only hotel with three cozy, ensui...",1
context,shopping,Ocho Nani,restaurant,Puerto Viejo,16388259169975674586,eat,description,goods,"Gourmet Italian style «ice cream» plus fruit salad, smoothies, milk shake...",1
context,shopping,Old Harbour Gym,services,Puerto Viejo,10525434517969119413,services|wellness,description,market,...free weights. Located above Old Harbour «Supermarket».,1
context,shopping,Pan Pay,restaurant,Puerto Viejo,1569445318757953644,eat,description,goods,«Bakery» and Restaurant,1
context,shopping,"Spicy Coconut - Playa Chiquita, Puerto Viejo, Limón, Costa Rica",restaurant,Playa Chiquita,9500835097815952703,eat,description,shop/store,...rs and more as well as a small souvenir «store».,2
context,shopping,Sweet Moments,restaurant,Puerto Viejo,561223372813398582,eat,description,goods,Espresso bar and «ice cream»,1
context,shopping,"Tico Surf and Skate - Playa Cocles, Puerto Viejo, Limón, Costa Rica",services,Cocles,1318668082841675164,services,description,shop/store,«Shop» offering surf and skate gear and clothi...,2
context,shopping,"Uva Blue Jungle Villas - Playa Chiquita, Puerto Viejo, Limón, Costa Rica",vacation_rental,Playa Chiquita,9838950680602433731,stay,description,shop/store,"...quita, in close proximity to bike hire, «shops» & restaurants. Nestled within a serene ...",1
context,services,ALMA Masajes,wellness,Playa Negra,1952261552637324801,wellness,description,services,ALMA Masajes offers «services» in Puerto Viejo.,1
context,services,"Azul Bar and Grill - Playa Negra, Puerto Viejo, Limón, Costa Rica",restaurant,Playa Negra,2898935241958549311,eat|nightlife,description,services,"Restaurant, bar and beach club. Beach «service» starts at 6am daily. This popular resta...",1
context,services,Blessed Hands Massage Therapy,wellness,Playa Negra,11342442517607475672,wellness,description,services,Blessed Hands Massage Therapy offers «services» in Puerto Viejo.,1
context,services,"Bungalows Punta Uva - Playa Punta Uva, Puerto Viejo, Limón, Costa Rica",vacation_rental,Punta Uva,15942771352384167456,stay,description,laundry,"...chen, living room, A/C in bedrooms, TV, «laundry». Restaurant ""Back Yard"" on site. 4.5 / ...",1
context,services,Cabinas Jacaranda,hotel,Puerto Viejo,12370139056940041503,stay,description,services,"...mosquito nets, private parking, laundry «service», security box, yoga, massage. Apartment...",2
context,services,Cacao Huasi,restaurant,Puerto Viejo,1242408439996904931,eat,description,education,"Chocolate «classes», restaurant and cocktails",1
context,services,Cafe Rico,restaurant,Puerto Viejo,5741623948918730601,eat,description,laundry,"Coffee, breakfast, lunch, books and «laundry».",1
context,services,"Caribe Horse Riding Club - Playa Cocles, Puerto Viejo, Limón, Costa Rica",tour_company,Cocles,13961717934939865032,things-to-do,description,services,"...ed by love and attention. Provides full «service» high quality rides, with all the safety...",1
context,services,Caribe Shuttle,transport,Puerto Viejo,3254890975301091925,transport,description,services,Semi-private shuttle «service» to many destinations in Costa Rica.  Se...,1
context,services,"Caribe Town Resort - Playa Cocles, Puerto Viejo, Limón, Costa Rica",hotel,Cocles,16161533908681591225,stay,description,services,"...all and Jacuzzi jets, bike rentals, spa «services» available.",1
context,services,CaribeZen,wellness,Playa Negra,16346096411354140739,wellness,description,services,CaribeZen offers wellness «services» in Playa Negra.,1
context,services,Casa Alegra,wellness,Playa Negra,704176135278923927,wellness,description,services,Casa Alegra offers wellness «services» in Playa Negra.,1
context,services,"Casas La Selvatica - Playa Chiquita, Puerto Viejo, Limón, Costa Rica",vacation_rental,Playa Chiquita,11101879544769502565,stay,description,services,...orest a few minutes walk from beach and «services». On-site concierge will assist with inf...,2
context,services,"Chimuri Beach Retreat - Playa Negra, Puerto Viejo, Limón, Costa Rica",vacation_rental,Playa Negra,6051193694241034944,stay,description,education,...da Yoga studio on property with regular «classes».,1
context,services,"Chiquita Escondida - Playa Chiquita, Puerto Viejo, Limón, Costa Rica",vacation_rental,Playa Chiquita,5961957804184993948,stay,description,services,"...ng fans, quality linens, coffee and tea «service» and local bath products. 4.7 / 5 rating...",1
context,services,"El Duende Gourmet - Playa Chiquita, Puerto Viejo, Limón, Costa Rica",shopping,Playa Chiquita,12358093494451922122,shopping,description,personal care,... of gourmet groceries. Bicycle rentals. «Barber» shop.,1
context,services,Electro Office,shopping,Puerto Viejo,13937010489015814564,shopping,description,repair/auto,Cell phone and computer accessories and «repairs». Office supplies. Copies.,2
context,services,"Gigi Beach - Playa Cocles, Puerto Viejo, Limón, Costa Rica",restaurant,Cocles,6039954764509566896,eat,description,services,...the beach loungers with drink and snack «service» or have a full meal in the restaurant.,1
context,services,"Green Water SUP Tours - Playa Punta Uva, Puerto Viejo, Limón, Costa Rica",tour_company,Punta Uva,14331531993444532415,things-to-do,description,personal care,... the Southern Caribbean and its natural «beauty». They offer paddle boarding tours and l...,2
context,services,"Habitat Vacation Rentals - Playa Cocles, Puerto Viejo, Limón, Costa Rica",vacation_rental,Cocles,5613050885601789841,stay,description,services,...ople. Also offering property management «services» for owners.,1
context,services,Hawaiian Massage,wellness,Playa Negra,16307257612295998249,wellness,description,services,Hawaiian Massage offers «services» in Puerto Viejo. Open now.,1
context,services,"Hotel Aguas Claras - Playa Chiquita, Puerto Viejo, Limón, Costa Rica",hotel,Playa Chiquita,5319096016576692772,stay,description,personal care,"...rooms. Beach club, restaurant  and yoga «salon» on site. 4.8 / 5 rating on Google Maps ...",1
context,services,"Hotel Bugabutik - Playa Cocles, Puerto Viejo, Limón, Costa Rica",hotel,Cocles,10932123085080779411,stay,description,services,"...ternet, bar, solarium, massage, laundry «service». 4.3 / 5 rating on Google Maps  8.2 / 1...",2
context,services,Hotel Mandacarú,hotel,Puerto Viejo,11442698979892556145,stay,description,services,"...nd king rooms and an apartment. Massage «services» and bicycle, electric scooter and motor...",1
context,services,Hotel and Hostel Agapi,hostel,Puerto Viejo,7492180577056289429,stay,description,education,"... bar, hot showers, common kitchen, yoga «classes», surf lessons, massage, coworking space...",1
context,services,"La Isla Inn - Playa Cocles, Puerto Viejo, Limón, Costa Rica",hotel,Cocles,12610196440035693725,stay,description,services,"... kids), free wireless Internet, laundry «service», safe deposit box and private parking a...",2
context,services,"La Kukula Lodge - Playa Chiquita, Puerto Viejo, Limón, Costa Rica",hotel,Playa Chiquita,12131830785097631441,stay,description,services,"...oons/couples or family up to 4 persons. «Services» include free breakfast, swimming-pool, ...",2
context,services,Librería Caribe,shopping,Puerto Viejo,9017085322259588567,eat|shopping,description,education,"Stationary, books, «school» supplies",1
context,services,"Luna Caribeña Village - Playa Chiquita, Puerto Viejo, Limón, Costa Rica",vacation_rental,Playa Chiquita,5703354943109126310,stay,description,services,"...s Internet, private parking and laundry «service». 4.1 / 5 rating on Google Maps  8.8 / 1...",2
context,services,Mariscos Mopri,shopping,Puerto Viejo,15490944357828439393,shopping,description,banking,...eafood dishes.  Now located across from «Banco» Nacional as of Aug 2020.,1
context,services,"Pura Gula Restaurant - Playa Chiquita, Puerto Viejo, Limón, Costa Rica",restaurant,Playa Chiquita,4550404849389797392,eat,description,services,...althy slow food restaurant and catering «service».,1
context,services,Rocking J's Hostel,hostel,Puerto Viejo,2849080077759072513,stay,description,education,"...ts. Restaurant, bar, tour desk and surf «school» on site. 4.0 / 5 rating on Google Maps ...",1
context,services,Salsa Brava Beach Bar,restaurant,Puerto Viejo,15009365918254941244,eat|nightlife,description,education,...Ask about their Caribbean Spoon cooking «classes» and latin dance classes.,1
context,services,"Samasati Yoga and Wellness Retreat - Hone Creek, Limón, Costa Rica",hotel,Hone Creek,2378802529330389577,stay|things-to-do|wellness,description,education,"...waterfall with natural pool, daily yoga «classes» and a meditation hall.",1
context,services,Sloth Massage,wellness,Puerto Viejo,7521506711555171699,wellness,description,services,Sloth Massage offers «services» in Puerto Viejo. Open now.,1
context,services,"Tierra de Suenos Lodge - Playa Chiquita, Puerto Viejo, Limón, Costa Rica",hotel,Playa Chiquita,3078819024997403606,stay,description,education,...st outdoor training pavilion with daily «classes» that can host up to 30 people. 4.7 / 5 ...,1
context,services,"Villas Allen - Playa Negra, Puerto Viejo, Limón, Costa Rica",hotel,Playa Negra,11115647409204137584,stay,description,services,"...wireless, green areas, parking, laundry «service», bikes for rent, tour information. 4.4 ...",2
context,services,"Villas Banana Verde - Playa Negra, Puerto Viejo, Limón, Costa Rica",vacation_rental,Playa Negra,3491417544238941664,stay,description,services,"A vacation rental option with the «services» of a hotel, it is owned and operated by...",1
context,wellness,Bungalows Calalú,hotel,Puerto Viejo,1614163454683628928,stay,description,spa/massage,"...nglish, French, Spanish spoken. Essence «Wellness» Spa. 4.4 / 5 rating on Google Maps  8.5...",1
context,wellness,Cabinas Jacaranda,hotel,Puerto Viejo,12370139056940041503,stay,description,spa/massage,"...g, laundry service, security box, yoga, «massage». Apartments with kitchen. A/C available...",2
context,wellness,"Caribe Town Resort - Playa Cocles, Puerto Viejo, Limón, Costa Rica",hotel,Cocles,16161533908681591225,stay,description,spa/massage,"...terfall and Jacuzzi jets, bike rentals, «spa» services available.",1
context,wellness,"Caribeans Coffee and Chocolate - Playa Cocles, Puerto Viejo, Limón, Costa Rica",restaurant,Cocles,8711730419987475064,eat,description,mind-body,... events and learning opportunities from «yoga» to film nights.,1
context,wellness,"Cariblue Beach and Jungle Resort - Playa Cocles, Puerto Viejo, Limón, Costa Rica",hotel,Cocles,14658668036585456092,stay,description,spa/massage,...n the property are Sushi Wave and Surya «Spa». 4.2 / 5 rating on Google Maps  8.7 / 1...,1
context,wellness,"Casa Corazon del Mar - Playa Negra, Puerto Viejo, Limón, Costa Rica",vacation_rental,Playa Negra,9868667004367768507,stay,description,spa/massage,"...ties such as fully furnished kitchen, a «spa» style shower, beautiful jungle views, a...",1
context,wellness,"Casa Selva - Playa Negra, Puerto Viejo, Limón, Costa Rica",vacation_rental,Playa Negra,10476863127556720569,stay,description,sanctuary,Private tropical «retreat» in the heart of the jungle in Playa Neg...,1
context,wellness,Earth to Skin,services,Puerto Viejo,6047083801083296069,services,description,mind-body,"...tion experience which 
includes partner «yoga» (no experience/partner needed), organic...",1
context,wellness,"Green Water SUP Tours - Playa Punta Uva, Puerto Viejo, Limón, Costa Rica",tour_company,Punta Uva,14331531993444532415,things-to-do,description,beauty,... the Southern Caribbean and its natural «beauty». They offer paddle boarding tours and l...,1
context,wellness,Hidden Garden Ethnobotanical Sanctuary,tour_company,Puerto Viejo,18254971901429379098,things-to-do,description,spa/massage,...ho come here to reclaim their ancestral «wellness» traditions. They offer traditional well...,1
context,wellness,"Hotel Aguas Claras - Playa Chiquita, Puerto Viejo, Limón, Costa Rica",hotel,Playa Chiquita,5319096016576692772,stay,description,mind-body,"...e bedrooms. Beach club, restaurant  and «yoga» salon on site. 4.8 / 5 rating on Google...",2
context,wellness,"Hotel Bugabutik - Playa Cocles, Puerto Viejo, Limón, Costa Rica",hotel,Cocles,10932123085080779411,stay,description,spa/massage,"...g pool, sauna, internet, bar, solarium, «massage», laundry service. 4.3 / 5 rating on Goo...",1
context,wellness,Hotel Mandacarú,hotel,Puerto Viejo,11442698979892556145,stay,description,spa/massage,"...Double and king rooms and an apartment. «Massage» services and bicycle, electric scooter ...",1
context,wellness,Hotel and Hostel Agapi,hostel,Puerto Viejo,7492180577056289429,stay,description,spa/massage,"...on kitchen, yoga classes, surf lessons, «massage», coworking space. Day pass available fo...",2
context,wellness,"La Costa de Papito - Playa Cocles, Puerto Viejo, Limón, Costa Rica",hotel,Cocles,15457918864809997738,stay,description,spa/massage,...alows all with private bath. Indulgence «Spa» and restaurant on property. 4.5 / 5 rat...,1
context,wellness,"La Magia Bungalows - Playa Cocles, Puerto Viejo, Limón, Costa Rica",hotel,Cocles,8216271918783135936,stay,description,spa/massage,...race and/or balcony. The property has a «spa» and jacuzzi. 4.5 / 5 rating on Google M...,1
context,wellness,"Le Caméléon - Playa Cocles, Puerto Viejo, Limón, Costa Rica",hotel,Cocles,4837747133838124638,eat|nightlife|stay,description,spa/massage,"...el with 24 guest rooms & suites, jungle «massage» deck, swimming pool & deck, jacuzzi.  G...",1
context,wellness,"Pure Love Liberation - Playa Cocles, Puerto Viejo, Limón, Costa Rica",services,Cocles,15543805518497480345,services,description,spa/massage,"Healing space in the jungle offering «massages» & energy treatments, deep tissue massag...",3
context,wellness,"Tierra de Suenos Lodge - Playa Chiquita, Puerto Viejo, Limón, Costa Rica",hotel,Playa Chiquita,3078819024997403606,stay,description,spa/massage,...e most beautiful beaches on this coast! «Wellness» Center programs onsite at Tierra de Yog...,3
context,wellness,Vol'Air Dance Studio,services,Puerto Viejo,12543675730712426029,services,description,mind-body,"...ness and dance classes such as aerials, «yoga», zumba and circus.",2
context,transport,Best Travel Puerto Viejo,tour_company,Puerto Viejo,15210314141344220556,things-to-do,description,transport,"Travel agency offering tour, «transport» and hotel bookings. They also operate t...",1
context,transport,"Casas La Selvatica - Playa Chiquita, Puerto Viejo, Limón, Costa Rica",vacation_rental,Playa Chiquita,11101879544769502565,stay,description,transport,"...l assist with info, activities, booking «transport», bike rentals and laundry service. Casa...",1
context,transport,Gecko Trail Costa Rica,tour_company,Puerto Viejo,831507804855121720,things-to-do,description,shuttle,...an also arrange a private van or shared «shuttle» for you. And can reserve hotels and vac...,1
context,transport,Interbus office,tour_company,Puerto Viejo,2534048177187130620,things-to-do,description,shuttle,"...uttles throughout Costa Rica. Check the «Shuttle» page for schedules, information and onl...",1
context,transport,La Parada Cafeteria,restaurant,Puerto Viejo,17702928579971376532,eat,description,bus,"...souvenir stand at the main Puerto Viejo «bus» stop where you can get souvenirs, coffe...",1
context,transport,Roly Caribbean Food,restaurant,Puerto Viejo,16999591583866751916,eat,description,bus,Casual restaurant near the «bus» stop and with tables also on the beach ...,1
