business_name,category,area,status,phone,whatsapp,instagram,website,cid,rating,amenities,desc_len,auto_desc,qa_status,qa_notes
Amimodo Beach Rooms,hotel,Puerto Viejo,active,Y,N,Y,N,Y,2.7,3,83,,,
Black Bamboo,hotel,Puerto Viejo,active,Y,N,Y,N,Y,4.7,7,368,,,
Bungalows Calalú,hotel,Puerto Viejo,active,Y,N,Y,N,Y,4.4,7,381,,,
Cabinas Los Almendros,hotel,Puerto Viejo,active,Y,Y,Y,Y,Y,4.3,6,148,,,
Cabinas Guarana,hotel,Puerto Viejo,active,Y,Y,N,N,Y,4.2,5,291,,,
Cabinas Jacaranda,hotel,Puerto Viejo,active,Y,Y,Y,N,Y,4.3,8,312,,,
Cabinas Lika,hotel,Puerto Viejo,active,Y,N,N,N,Y,4.5,4,29,,,
Cabinas Mitchaelles,hotel,Puerto Viejo,active,Y,N,Y,N,Y,4.0,4,177,,,
Cabinas Monte Sol,hotel,Puerto Viejo,active,Y,N,Y,N,Y,4.4,7,443,,,
Cabinas Mor,hotel,Puerto Viejo,active,Y,N,Y,N,Y,4.7,4,173,,,
Cabinas Popular,hotel,Puerto Viejo,active,Y,N,N,N,Y,4.0,11,100,,,
Cabinas Talamanca,hotel,Puerto Viejo,active,Y,N,Y,N,Y,4.1,8,129,,,
Casa Ana Kimba,hotel,Puerto Viejo,active,Y,N,Y,N,Y,5.0,6,135,,,
Casa Bohö,hotel,Puerto Viejo,active,Y,Y,N,N,Y,4.7,10,283,,,
La Casa de Rolando,hotel,Puerto Viejo,active,Y,N,Y,N,Y,4.2,3,248,,,
Casa Dolce Vita,hotel,Puerto Viejo,active,Y,N,Y,N,Y,4.6,5,183,,,
Casitas La Playa,hotel,Puerto Viejo,active,Y,N,Y,N,Y,4.7,10,220,,,
Chinuk Boutique Hotel,hotel,Puerto Viejo,active,Y,N,N,N,Y,5.0,6,61,,,
Conga Boutique Hotel,hotel,Puerto Viejo,active,Y,Y,Y,N,Y,4.9,8,223,,,
Escape Caribeño,hotel,Puerto Viejo,active,Y,N,Y,N,Y,4.5,10,90,,,
Exotic Lodge,hotel,Puerto Viejo,active,Y,N,Y,N,Y,3.9,5,162,,,
Family Hotel,hotel,Puerto Viejo,active,Y,Y,Y,N,Y,4.0,3,216,,,
Hostal Cecilia,hotel,Puerto Viejo,active,Y,N,Y,N,Y,4.1,6,335,,,
Hotel Casa Vito,hotel,Puerto Viejo,active,Y,Y,Y,N,Y,5.0,3,192,,,
Hotel Infiniti,hotel,Puerto Viejo,active,Y,N,N,N,Y,4.8,7,352,,,
Hotel Mandacarú,hotel,Puerto Viejo,active,Y,N,N,N,Y,3.3,5,321,,,
Hotel Pura Vida,hotel,Puerto Viejo,active,Y,Y,Y,N,Y,4.4,4,412,,,
Hotel Tropical,hotel,Puerto Viejo,active,Y,N,Y,Y,Y,4.4,4,213,,,
Indalo Hotel Boutique,hotel,Puerto Viejo,active,Y,N,Y,N,Y,4.6,7,321,,,
Lizard King Hotel,hotel,Puerto Viejo,active,Y,N,Y,N,Y,3.7,11,250,,,
Maritza Hotel,hotel,Puerto Viejo,active,Y,N,N,N,Y,4.3,5,305,,,
Namu Garden Hotel and Spa,hotel,Puerto Viejo,active,Y,Y,Y,N,Y,4.5,11,231,,,
Olinca Boutique Hotel,hotel,Puerto Viejo,active,Y,N,Y,N,Y,4.6,11,283,,,
Sueño Grande Bed and Breakfast,hotel,Puerto Viejo,active,Y,Y,Y,N,Y,4.7,7,494,,,
La Tica y La Gata,hotel,Puerto Viejo,active,Y,Y,Y,N,Y,4.8,10,208,,,
Umami Hotel Garden Spa,hotel,Puerto Viejo,active,Y,N,Y,N,Y,4.6,10,305,,,
Yucca Beachfront Hotel,hotel,Puerto Viejo,active,Y,N,N,N,Y,4.4,5,259,,,
Banana Azul,hotel,Playa Negra,active,Y,N,N,N,Y,4.5,10,340,,,
Cabinas Kuákua,hotel,Playa Negra,active,Y,Y,Y,N,Y,4.2,6,139,,,
Casa Luce,hotel,Playa Negra,active,Y,Y,N,N,Y,4.7,4,117,,,
Casitas Las Flores,hotel,Playa Negra,active,Y,N,Y,N,Y,4.6,8,500,,,
Hidden Jungle Beach House,hotel,Playa Negra,active,Y,Y,Y,N,Y,N,6,236,,,
Hotel One Love,hotel,Playa Negra,active,Y,N,Y,N,Y,4.2,3,114,,,
Iguana Lodge,hotel,Playa Negra,active,Y,N,Y,N,Y,3.9,8,155,,,
Kaya's Place,hotel,Playa Negra,active,Y,N,Y,N,Y,3.8,4,322,,,
Mecca,hotel,Playa Negra,active,N,Y,N,N,Y,4.6,9,430,,,
Olivia del Caribe,hotel,Playa Negra,active,Y,N,Y,N,Y,4.5,7,212,,,
Perla Negra Beachfront,hotel,Playa Negra,active,Y,N,Y,N,Y,3.8,3,232,,,
La Prometida,hotel,Playa Negra,active,N,N,Y,N,Y,5.0,10,158,,,
Saranda Hotel Boutique,hotel,Playa Negra,active,Y,N,Y,N,Y,4.6,10,189,,,
Sonora Jungle Retreat,hotel,Playa Negra,active,Y,Y,Y,N,Y,4.7,11,336,,,
Sunshine Caribe,hotel,Playa Negra,active,Y,N,Y,N,Y,4.6,6,207,,,
Villas Allen,hotel,Playa Negra,active,Y,N,Y,N,Y,4.4,10,289,,,
Azania Bungalows,hotel,Cocles,active,Y,N,N,N,Y,4.5,7,206,,,
Bambutel,hotel,Cocles,active,Y,Y,Y,N,Y,4.3,7,328,,,
Cabañas Cocles,hotel,Cocles,active,Y,N,N,N,Y,3.4,2,193,,,
Cabinas Ole Caribe,hotel,Cocles,active,Y,N,Y,N,Y,4.3,5,204,,,
Caribe Town Resort,hotel,Cocles,active,Y,N,Y,N,Y,4.8,11,331,,,
Cariblue Beach and Jungle Resort,hotel,Cocles,active,Y,Y,Y,Y,Y,4.2,11,500,,,
Colina Secreta,hotel,Cocles,active,Y,N,Y,N,Y,4.9,11,316,,,
La Costa de Papito,hotel,Cocles,active,Y,N,Y,N,Y,4.5,7,227,,,
Los Delfines Lodge,hotel,Cocles,active,Y,N,Y,N,Y,4.7,3,146,,,
Hotel Bugabutik,hotel,Cocles,active,Y,N,Y,N,Y,4.3,6,316,,,
La Isla Inn,hotel,Cocles,active,Y,N,N,N,Y,3.9,7,342,,,
Lanna Ban Hotel,hotel,Cocles,active,Y,N,Y,N,Y,4.4,7,209,,,
Le Caméléon,hotel,Cocles,active,Y,N,Y,Y,Y,4.3,11,243,,,
La Magia Bungalows,hotel,Cocles,active,Y,N,Y,N,Y,4.6,3,411,,,
La Paz del Caribe,hotel,Cocles,active,Y,N,Y,N,Y,5.0,5,193,,,
Physis Caribbean Bed & Breakfast,hotel,Cocles,active,Y,Y,N,N,Y,4.8,7,500,,,
Pipa Lodge,hotel,Cocles,active,Y,N,Y,N,Y,4.6,6,320,,,
Relax Natural Village,hotel,Cocles,active,Y,N,N,Y,Y,4.9,11,292,,,
Satta Lodge,hotel,Cocles,active,Y,N,Y,Y,Y,4.9,11,288,,,
Casa Merlin Lodge,hotel,Playa Chiquita,active,Y,N,N,N,Y,4.4,9,276,,,
Casitas Mar y Luz,hotel,Playa Chiquita,active,Y,N,Y,N,Y,4.2,4,361,,,
Green Jungle House,hotel,Playa Chiquita,active,Y,Y,Y,N,Y,4.5,6,319,,,
Hotel Aguas Claras,hotel,Playa Chiquita,active,Y,N,Y,Y,Y,4.8,11,325,,,
Hotel Kasha,hotel,Playa Chiquita,active,Y,N,Y,N,Y,N,6,274,,,
Jaguar Inn Bungalows,hotel,Playa Chiquita,active,Y,N,Y,N,Y,4.7,1,323,,,
La Kukula Lodge,hotel,Playa Chiquita,active,Y,N,Y,N,Y,4.7,8,500,,,
Mar Verde Lodge,hotel,Playa Chiquita,active,Y,Y,Y,N,Y,4.6,1,256,,,
Namuwoki Lodge,hotel,Playa Chiquita,active,Y,N,Y,N,Y,4.5,8,255,,,
El Nido Jungle Lodge,hotel,Playa Chiquita,active,N,Y,N,N,Y,4.5,7,334,,,
Shawandha Lodge,hotel,Playa Chiquita,active,Y,N,N,N,Y,4.1,7,235,,,
Tierra de Suenos Lodge,hotel,Playa Chiquita,active,Y,N,Y,N,Y,4.7,6,371,,,
Tree House Lodge,hotel,Playa Chiquita,active,Y,N,Y,N,Y,4.7,8,468,,,
Villas del Caribe,hotel,Playa Chiquita,active,Y,N,Y,N,Y,4.3,7,304,,,
Awa Beach Boutique Hotel,hotel,Punta Uva,active,Y,N,Y,N,Y,4.9,11,331,,,
La Ceiba Nature Reserve,hotel,Punta Uva,active,Y,N,Y,N,Y,N,6,500,,,
Pachamama Jungle River Lodge,hotel,Punta Uva,active,Y,N,Y,N,Y,4.4,8,380,,,
Cabinas Kinawe,hotel,Hone Creek,active,Y,N,Y,N,Y,5.0,6,171,,,
Casa Conley Del Mar,hotel,Hone Creek,active,Y,N,Y,N,Y,4.7,9,206,,,
Hotel Hawa,hotel,Hone Creek,active,Y,N,Y,N,Y,3.6,1,374,,,
Orgánico Punta Riel,hotel,Hone Creek,active,Y,N,Y,N,Y,4.6,1,297,,,
Rancho Tranquilo,hotel,Hone Creek,active,Y,Y,Y,N,Y,4.5,2,145,,,
Samasati Yoga and Wellness Retreat,hotel,Hone Creek,active,Y,N,Y,Y,Y,N,6,384,,,
Villa Mena Apartments,hotel,Hone Creek,active,Y,N,Y,N,Y,N,6,187,,,
Casa Wolaba,hostel,Puerto Viejo,active,Y,Y,Y,N,Y,4.3,2,242,,,
El Clan Hostel,hostel,Puerto Viejo,active,Y,Y,Y,N,Y,4.7,4,225,,,
Hotel and Hostel Agapi,hostel,Puerto Viejo,active,Y,N,Y,N,Y,4.1,11,239,,,
Hotel Puerto Viejo,hostel,Puerto Viejo,active,Y,N,Y,N,Y,4.0,9,132,,,
Kalunay Hostel,hostel,Puerto Viejo,active,Y,N,Y,N,Y,4.3,9,238,,,
Oasis Beachfront Hostel,hostel,Puerto Viejo,active,Y,N,Y,N,Y,4.0,4,364,,,
Pagalu Hostel,hostel,Puerto Viejo,active,Y,N,Y,N,Y,4.5,5,190,,,
Rocking J's Hostel,hostel,Puerto Viejo,active,Y,N,Y,N,Y,4.0,10,220,,,
Roots Family Hostel,hostel,Puerto Viejo,active,N,N,Y,N,Y,4.5,3,192,,,
La Ruka Hostel,hostel,Puerto Viejo,active,Y,N,Y,N,Y,4.6,9,268,,,
Soul Rebel Hostel,hostel,Puerto Viejo,active,Y,Y,Y,N,Y,3.9,3,196,,,
La Tribu,hostel,Puerto Viejo,active,Y,N,Y,N,Y,4.5,3,255,,,
Tasty Dayz Hostel,hostel,Cocles,active,Y,Y,Y,Y,Y,4.2,10,424,,,
Yuyo Huelal Totga,hostel,Cocles,active,Y,Y,Y,Y,Y,5.0,6,500,,,
Madre Selva Jungle Hostel,hostel,Cocles,active,Y,N,Y,N,Y,4.2,4,240,,,
Playa 506,hostel,Cocles,active,Y,Y,Y,Y,Y,4.4,10,266,,,
Smile Jungle Hostel,hostel,Cocles,active,N,N,Y,N,Y,4.9,2,167,,,
Douglasville Guesthouse,vacation_rental,Puerto Viejo,active,Y,Y,N,N,Y,N,4,419,,,
Caribbean Comfort,vacation_rental,Puerto Viejo,active,Y,Y,Y,N,Y,4.6,4,202,,,
Casa Arlecchino,vacation_rental,Puerto Viejo,active,Y,N,Y,N,Y,4.4,4,174,,,
Casa Black Chaini,vacation_rental,Puerto Viejo,active,Y,N,Y,N,Y,4.9,3,347,,,
Casa Kinkaju,vacation_rental,Puerto Viejo,active,Y,N,N,N,Y,5.0,1,284,,,
Coconut Grove Apartamentos,vacation_rental,Puerto Viejo,active,Y,N,Y,N,Y,4.3,2,255,,,
Colibri Ecolodge,vacation_rental,Puerto Viejo,active,Y,N,N,N,Y,4.8,9,285,,,
Estrellas Cabinas,vacation_rental,Puerto Viejo,active,Y,N,N,N,N,N,4,377,,,
Casa Roble de Playa Negra,vacation_rental,Playa Negra,active,N,N,Y,Y,Y,3.2,0,379,,,
Villa Abejita,vacation_rental,Playa Negra,active,Y,Y,Y,Y,Y,3.2,4,270,,,
Villa del Mito,vacation_rental,Playa Negra,active,Y,Y,Y,N,Y,4.9,7,500,,,
Magic Moon Beach House,vacation_rental,Playa Negra,active,Y,N,Y,Y,Y,4.9,2,359,,,
Be My Guest Cabinas,vacation_rental,Playa Negra,active,Y,N,Y,N,Y,4.1,5,126,,,
Blessed House,vacation_rental,Playa Negra,active,Y,N,Y,N,Y,4.6,7,234,,,
Blossom Paradise Retreat,vacation_rental,Playa Negra,active,Y,Y,Y,N,Y,5.0,4,306,,,
Cabinas Cable Talamanca,vacation_rental,Playa Negra,active,Y,N,Y,N,Y,N,4,60,,,
Caripro Apartments,vacation_rental,Playa Negra,active,Y,Y,Y,N,Y,3.5,4,500,,,
Casa Corazon del Mar,vacation_rental,Playa Negra,active,Y,N,Y,N,Y,5.0,1,329,,,
Casa Galim Beach House,vacation_rental,Playa Negra,active,Y,N,Y,N,Y,3.9,3,234,,,
Casa Jeffrey,vacation_rental,Playa Negra,active,N,N,Y,N,Y,5.0,4,134,,,
Casa Luna Beach House,vacation_rental,Playa Negra,active,N,N,Y,N,Y,4.5,3,500,,,
Casa Ocelote,vacation_rental,Playa Negra,active,N,N,Y,N,Y,5.0,4,334,,,
Casa Selva,vacation_rental,Playa Negra,active,Y,Y,Y,Y,Y,5.0,1,289,,,
Casa Theia,vacation_rental,Playa Negra,active,N,N,Y,N,Y,5.0,4,133,,,
Casita Kreyol,vacation_rental,Playa Negra,active,N,N,Y,N,Y,5.0,1,314,,,
Las Casitas de Playa Negra,vacation_rental,Playa Negra,active,Y,Y,Y,N,Y,4.0,4,179,,,
Casitas Joanna,vacation_rental,Playa Negra,active,Y,N,Y,N,Y,3.2,1,405,,,
Chimuri Beach Retreat,vacation_rental,Playa Negra,active,Y,N,Y,N,Y,4.7,1,175,,,
Escondido Retreat,vacation_rental,Playa Negra,active,N,N,Y,N,Y,5.0,1,420,,,
Evia Life Resort,vacation_rental,Playa Negra,active,Y,N,Y,N,Y,5.0,2,269,,,
El Jardin de Playa Negra,vacation_rental,Playa Negra,active,Y,N,N,N,Y,4.4,1,318,,,
The Mimosas Container Homes,vacation_rental,Playa Negra,active,N,N,Y,N,Y,4.2,1,175,,,
Puerto Viejo Club,vacation_rental,Playa Negra,active,N,N,Y,N,Y,4.7,10,139,,,
Sloth House 2,vacation_rental,Playa Negra,active,Y,Y,Y,N,Y,4.6,3,193,,,
Villa Aragon,vacation_rental,Playa Negra,active,Y,N,Y,N,Y,4.7,2,500,,,
Villa Wolaba,vacation_rental,Playa Negra,active,N,N,Y,N,Y,4.4,1,114,,,
Villas Ande,vacation_rental,Playa Negra,active,Y,Y,Y,N,Y,4.8,9,183,,,
Villas Banana Verde,vacation_rental,Playa Negra,active,Y,N,N,Y,Y,4.8,0,422,,,
Villas de la Luz,vacation_rental,Playa Negra,active,N,N,Y,N,Y,4.8,1,178,,,
Villas Luna Africana by Palmer,vacation_rental,Playa Negra,active,Y,Y,Y,N,Y,4.6,9,130,,,
Villas Mapache del Caribe,vacation_rental,Playa Negra,active,Y,N,Y,N,Y,4.9,2,175,,,
Villas Piña,vacation_rental,Playa Negra,active,Y,N,Y,N,Y,4.9,9,428,,,
Villas Ríos del Caribe,vacation_rental,Playa Negra,active,Y,Y,Y,N,Y,5.0,1,159,,,
Villas Roca del Caribe,vacation_rental,Playa Negra,active,Y,Y,Y,N,Y,5.0,1,188,,,
Villas Serenidad,vacation_rental,Playa Negra,active,N,N,Y,N,Y,4.7,3,500,,,
Yoshi's on the Beach,vacation_rental,Playa Negra,active,Y,N,Y,N,Y,4.6,1,245,,,
Geckoes Lodge,vacation_rental,Cocles,active,Y,Y,Y,Y,Y,4.7,10,500,,,
Alloro Jungle Villas,vacation_rental,Cocles,active,Y,N,Y,N,Y,4.9,6,297,,,
AroCocles,vacation_rental,Cocles,active,Y,Y,Y,Y,Y,4.8,4,252,,,
Azania Oasis,vacation_rental,Cocles,active,Y,N,Y,N,Y,4.5,4,333,,,
Casa Ackee,vacation_rental,Cocles,active,Y,Y,Y,N,Y,5.0,4,234,,,
Casa Eden Jungle Apartments,vacation_rental,Cocles,active,N,N,Y,N,Y,4.6,4,233,,,
Casa Margarita,vacation_rental,Cocles,active,Y,N,Y,N,Y,3.6,2,407,,,
Casa Mariposa,vacation_rental,Cocles,active,N,N,Y,Y,Y,5.0,4,194,,,
Casa Modí,vacation_rental,Cocles,active,N,N,Y,N,Y,4.4,2,150,,,
La Casita de Cocles,vacation_rental,Cocles,active,N,N,Y,N,Y,5.0,3,189,,,
Los Continentes,vacation_rental,Cocles,active,Y,Y,N,Y,Y,N,4,347,,,
Dano's Cabano,vacation_rental,Cocles,active,Y,N,Y,N,Y,4.0,4,157,,,
David Valley Houses,vacation_rental,Cocles,active,N,N,Y,N,Y,3.9,4,500,,,
La Finca Chica,vacation_rental,Cocles,active,Y,N,Y,N,Y,4.8,4,262,,,
Finca Valeria Treehouses,vacation_rental,Cocles,active,Y,N,N,N,Y,4.8,3,338,,,
Flor del Caribe,vacation_rental,Cocles,active,Y,Y,Y,N,Y,N,4,468,,,
Habitat Vacation Rentals,vacation_rental,Cocles,active,Y,Y,Y,N,Y,N,4,374,,,
Ocean's Breeze Apartment and Rooms,vacation_rental,Cocles,active,Y,N,Y,N,Y,4.8,3,117,,,
Las Palomas,vacation_rental,Cocles,active,Y,N,Y,Y,Y,4.8,11,294,,,
La Perla del Caribe,vacation_rental,Cocles,active,Y,N,Y,N,Y,4.2,9,96,,,
Terrazas del Caribe,vacation_rental,Cocles,active,Y,N,Y,N,Y,4.6,11,381,,,
Treevana,vacation_rental,Cocles,active,N,N,Y,N,Y,4.9,3,164,,,
El Tucán Feliz,vacation_rental,Cocles,active,Y,N,Y,N,Y,5.0,9,227,,,
Villa Aurora,vacation_rental,Cocles,active,Y,N,N,N,Y,4.8,4,179,,,
Villa Elita,vacation_rental,Cocles,active,Y,N,Y,N,Y,5.0,4,285,,,
Villa Laurel,vacation_rental,Cocles,active,Y,N,N,N,Y,N,4,500,,,
Villa Rameen,vacation_rental,Cocles,active,N,N,N,Y,Y,N,2,187,,,
Villas Lomas del Caribe,vacation_rental,Cocles,active,Y,N,Y,N,Y,4.7,2,364,,,
Aloki Village,vacation_rental,Playa Chiquita,active,Y,N,N,N,Y,4.6,4,147,,,
Angler's Lair,vacation_rental,Playa Chiquita,active,Y,N,N,N,Y,4.3,4,353,,,
Caribbean Courtyard Villa,vacation_rental,Playa Chiquita,active,Y,N,Y,N,Y,5.0,4,50,,,
Casa Ambar,vacation_rental,Playa Chiquita,active,Y,N,Y,N,Y,4.2,3,310,,,
Casa Jungle Love,vacation_rental,Playa Chiquita,active,Y,Y,N,N,Y,5.0,4,345,,,
Casa Moabi,vacation_rental,Playa Chiquita,active,Y,N,Y,N,Y,4.6,8,304,,,
Casa Osos Caribeños,vacation_rental,Playa Chiquita,active,Y,N,Y,N,Y,4.0,4,246,,,
Casas del Caribe,vacation_rental,Playa Chiquita,active,Y,N,Y,N,Y,N,4,310,,,
Casas La Selvatica,vacation_rental,Playa Chiquita,active,Y,Y,Y,N,Y,4.9,3,500,,,
Chiquita Escondida,vacation_rental,Playa Chiquita,active,Y,N,Y,N,Y,4.8,1,500,,,
Luna Caribeña Village,vacation_rental,Playa Chiquita,active,Y,N,Y,N,Y,4.2,3,245,,,
Pura Bali Villas,vacation_rental,Playa Chiquita,active,N,N,Y,N,Y,4.5,4,117,,,
Tres Lodge,vacation_rental,Playa Chiquita,active,Y,N,Y,N,Y,4.7,4,330,,,
Up! House,vacation_rental,Playa Chiquita,active,Y,N,N,Y,Y,4.9,4,500,,,
Uva Blue Jungle Villas,vacation_rental,Playa Chiquita,active,Y,Y,Y,N,Y,4.0,11,500,,,
Villa Cabú,vacation_rental,Playa Chiquita,active,N,N,Y,Y,Y,5.0,4,88,,,
Villa Casa Azul y Arena Blanca Apartamentos,vacation_rental,Playa Chiquita,active,Y,N,Y,N,Y,5.0,4,308,,,
Villa del Mar,vacation_rental,Playa Chiquita,active,Y,N,Y,Y,Y,N,4,288,,,
Big Tree Wildlife Refuge,vacation_rental,Punta Uva,active,Y,N,Y,N,Y,N,4,372,,,
Bungalows Punta Uva,vacation_rental,Punta Uva,active,Y,N,Y,N,Y,4.6,11,250,,,
Casa Cielo,vacation_rental,Punta Uva,active,N,N,Y,Y,Y,N,4,108,,,
Casa de la Musa,vacation_rental,Punta Uva,active,N,Y,Y,N,Y,4.9,4,326,,,
Casa De La Trepada,vacation_rental,Punta Uva,active,N,N,Y,N,Y,4.2,3,172,,,
Casa Matix,vacation_rental,Punta Uva,active,N,N,Y,N,Y,4.6,4,294,,,
Casa Viva,vacation_rental,Punta Uva,active,Y,N,Y,N,Y,4.8,11,488,,,
Dragonfly Beach Retreat,vacation_rental,Punta Uva,active,Y,Y,N,N,Y,4.6,10,252,,,
Ginger and Cacao,vacation_rental,Punta Uva,active,N,N,Y,N,Y,N,4,500,,,
Olguita's Place,vacation_rental,Punta Uva,active,Y,Y,Y,N,Y,4.4,2,159,,,
Our Beachfront Bungalow,vacation_rental,Punta Uva,active,Y,N,Y,N,Y,4.5,4,208,,,
Los Proyectos Moderno,vacation_rental,Punta Uva,active,N,N,Y,N,Y,N,4,353,,,
Villa Soleil et Paquerette,vacation_rental,Punta Uva,active,Y,N,Y,N,Y,4.4,1,110,,,
Villas Itaita,vacation_rental,Punta Uva,active,Y,N,Y,N,Y,4.4,11,263,,,
Wabi Sabi,vacation_rental,Punta Uva,active,Y,N,Y,N,Y,4.7,1,306,,,
Finca Don Litos,vacation_rental,Hone Creek,active,Y,Y,Y,N,Y,4.2,2,90,,,
Villas Diwo,vacation_rental,Hone Creek,active,Y,N,Y,N,Y,4.4,2,124,,,
Gigi O Restaurant,restaurant,Puerto Viejo,active,Y,Y,N,Y,Y,4.5,0,141,,,
Tasty Waves Cantina,restaurant,Cocles,active,Y,Y,Y,Y,Y,4.6,1,209,,,
Amimodo Restaurant,restaurant,Puerto Viejo,active,Y,N,N,N,Y,4.4,0,98,,,
Arrecife Hotel y Restaurante,restaurant,Punta Uva,active,Y,N,Y,N,Y,3.8,1,238,,,
Azul Bar and Grill,restaurant,Playa Negra,active,Y,N,Y,N,Y,4.1,0,302,,,
Beach Break Restaurant,restaurant,Cocles,active,Y,N,Y,N,Y,4.8,0,103,,,
Cacao Huasi,restaurant,Puerto Viejo,active,Y,N,Y,N,Y,4.8,2,43,,,
Café Gustitos,restaurant,Puerto Viejo,active,N,N,Y,N,Y,4.6,1,42,,,
Cafe Rico,restaurant,Puerto Viejo,active,Y,N,Y,Y,Y,4.7,0,44,,,
Cafe Viejo,restaurant,Puerto Viejo,active,Y,N,Y,Y,Y,4.6,0,74,,,
Casa Rio Restaurant & Bar,restaurant,Cocles,active,Y,Y,N,Y,Y,4.5,1,179,,,
La Casita de Monli,restaurant,Puerto Viejo,active,Y,N,Y,Y,Y,4.5,0,68,,,
Chaman Mercadito,restaurant,Puerto Viejo,active,N,N,Y,N,Y,4.4,0,80,,,
El Chante de Moncho,restaurant,Cocles,active,Y,Y,Y,N,Y,4.9,1,137,,,
Chile Rojo,restaurant,Puerto Viejo,active,Y,Y,Y,Y,Y,4.5,2,220,,,
Chill and Cheese Snackbar,restaurant,Puerto Viejo,active,Y,N,Y,N,Y,4.7,0,41,,,
Cocomar Comida Caribeña,restaurant,Puerto Viejo,active,Y,N,N,N,Y,4.7,0,50,,,
Como en la Gloria,restaurant,Puerto Viejo,active,Y,N,Y,Y,Y,4.8,2,53,,,
De Gustibus Bakery,restaurant,Puerto Viejo,active,Y,N,Y,Y,Y,4.6,2,124,,,
La Esquina Boruca Pizzeria,restaurant,Puerto Viejo,active,Y,Y,Y,N,Y,4.3,0,40,,,
Gigi Beach,restaurant,Cocles,active,Y,N,Y,N,Y,4.1,0,166,,,
Grow Beachfront Restaurant,restaurant,Puerto Viejo,active,Y,N,N,N,Y,4.8,3,185,,,
GypSea Café,restaurant,Playa Chiquita,active,Y,N,N,N,Y,4.6,1,142,,,
Hot Rocks,restaurant,Puerto Viejo,active,Y,Y,Y,Y,Y,4.4,3,150,,,
Il Fiore Rosso,restaurant,Cocles,active,Y,N,Y,N,Y,4.1,1,49,,,
Island City Wingz N Tingz,restaurant,Puerto Viejo,active,Y,N,N,N,Y,N,0,112,,,
Joe Snack Point,restaurant,Puerto Viejo,active,Y,N,N,N,Y,4.8,0,30,,,
KOKi Beach,restaurant,Puerto Viejo,active,Y,Y,Y,Y,Y,4.6,2,238,,,
La Leyenda de L'Antico Forno en El Establo de Bruce,restaurant,Playa Chiquita,active,N,N,Y,Y,Y,4.7,0,84,,,
Lidia's Place,restaurant,Puerto Viejo,active,Y,N,Y,Y,Y,4.5,1,88,,,
Lizzie 1872,restaurant,Cocles,active,N,N,Y,N,Y,4.8,1,203,,,
Madre Tierra,restaurant,Puerto Viejo,active,Y,N,Y,Y,Y,4.5,0,119,,,
McCloud's Munchies,restaurant,Puerto Viejo,active,N,N,N,N,Y,4.8,0,19,,,
Mixta Comida y Cócteles,restaurant,Playa Chiquita,active,N,N,Y,N,Y,4.8,0,161,,,
Nanku,restaurant,Puerto Viejo,active,Y,Y,Y,N,Y,4.4,1,143,,,
La Nena,restaurant,Cocles,active,Y,Y,Y,Y,Y,4.6,0,112,,,
Otra Vez,restaurant,Playa Chiquita,active,Y,N,Y,N,Y,4.7,0,121,,,
El Pampa Asador,restaurant,Playa Negra,active,Y,Y,N,N,Y,4.5,0,40,,,
La Parada Cafeteria,restaurant,Puerto Viejo,active,Y,N,Y,N,Y,4.3,0,160,,,
Paradise Comida Caribeña,restaurant,Puerto Viejo,active,Y,N,Y,N,Y,4.7,0,44,,,
Pecora Nera,restaurant,Cocles,active,Y,Y,Y,Y,Y,4.7,3,67,,,
Pizzeria Pulcinella,restaurant,Playa Chiquita,active,Y,N,N,N,Y,4.7,0,125,,,
The Point Smash Burgers,restaurant,Puerto Viejo,active,Y,N,Y,N,Y,4.9,1,70,,,
Port Vell,restaurant,Puerto Viejo,active,Y,Y,Y,Y,Y,4.8,0,305,,,
Puerto Pirata,restaurant,Puerto Viejo,active,Y,N,Y,Y,Y,4.5,1,207,,,
Pura Gula Restaurant,restaurant,Playa Chiquita,active,Y,N,Y,Y,Y,4.8,2,50,,,
Que Quilombo,restaurant,Playa Chiquita,active,Y,N,Y,Y,Y,4.7,0,55,,,
El Refugio Grill,restaurant,Punta Uva,active,Y,Y,Y,Y,Y,4.8,1,197,,,
Reggae Chill,restaurant,Cocles,active,Y,N,Y,N,Y,3.8,2,96,,,
Restaurante Bar Tamara,restaurant,Puerto Viejo,active,N,N,Y,Y,Y,4.6,0,251,,,
Restaurante Nema,restaurant,Puerto Viejo,active,Y,N,N,Y,Y,4.0,3,64,,,
Restaurante Riquísimo,restaurant,Puerto Viejo,active,Y,N,Y,Y,Y,4.4,0,92,,,
El Rincon Porteño,restaurant,Playa Chiquita,active,Y,N,Y,Y,Y,4.6,1,56,,,
Roly Caribbean Food,restaurant,Puerto Viejo,active,Y,N,Y,N,Y,4.6,0,119,,,
La Ruedita,restaurant,Playa Chiquita,active,Y,Y,Y,N,Y,5.0,1,67,,,
El Sabor Tico,restaurant,Puerto Viejo,active,Y,N,N,N,Y,3.6,0,106,,,
Samurai Fusion,restaurant,Puerto Viejo,closed,Y,N,Y,Y,Y,4.8,3,218,,,
Selvin's Restaurant and Cabinas,restaurant,Punta Uva,active,N,N,Y,N,Y,4.4,0,177,,,
El Sendero Beach Club,restaurant,Puerto Viejo,active,Y,N,Y,N,Y,4.6,1,57,,,
SOCA Restaurant,restaurant,Puerto Viejo,active,Y,Y,Y,Y,Y,4.8,0,117,,,
Soda Playa Chiquita,restaurant,Playa Chiquita,active,N,N,Y,Y,Y,3.2,0,76,,,
Soda Shekiná,restaurant,Puerto Viejo,active,Y,N,Y,Y,Y,4.6,0,85,,,
El Sol del Caribe,restaurant,Cocles,active,Y,N,Y,N,Y,4.7,1,56,,,
Soulsurfer,restaurant,Puerto Viejo,active,Y,Y,Y,N,Y,4.6,1,74,,,
Spicy Coconut,restaurant,Playa Chiquita,active,Y,N,Y,N,Y,4.6,1,125,,,
Stashu's Con Fusion,restaurant,Puerto Viejo,active,Y,N,Y,Y,Y,4.7,1,147,,,
Sushi Wave,restaurant,Cocles,active,Y,N,Y,N,Y,4.5,1,77,,,
Todo Es Posible,restaurant,Puerto Viejo,active,Y,N,Y,N,Y,4.7,1,63,,,
Zaika Bar & Grill,restaurant,Cocles,active,Y,N,N,N,Y,4.8,2,79,,,
Clan Vibes Club,restaurant,Puerto Viejo,active,N,N,Y,N,Y,3.0,0,96,,,
Da Lime Beach Club and Restaurant,restaurant,Playa Chiquita,active,Y,N,Y,Y,Y,4.7,0,132,,,
Green Jaguar Irish Gastro Pub,restaurant,Puerto Viejo,active,Y,Y,N,N,Y,4.6,1,37,,,
Johnny's Place,restaurant,Puerto Viejo,active,Y,N,Y,Y,Y,4.4,1,123,,,
Salsa Brava Beach Bar,restaurant,Puerto Viejo,active,Y,N,N,Y,Y,4.1,1,262,,,
7 Ice Creams,restaurant,Puerto Viejo,active,Y,N,Y,N,Y,4.9,0,39,,,
Baya Baya Café,restaurant,Cocles,active,Y,N,Y,N,Y,4.7,1,28,,,
Bloom Cafe & Donas,restaurant,Puerto Viejo,active,Y,N,Y,N,Y,4.8,1,114,,,
BOA Coworking,restaurant,Puerto Viejo,active,N,N,N,N,Y,4.7,4,142,,,
Bread and Chocolate,restaurant,Puerto Viejo,active,Y,N,Y,N,Y,4.7,0,171,,,
Bread What What,restaurant,Puerto Viejo,active,Y,N,N,N,Y,4.8,0,48,,,
Café del Mar,restaurant,Cocles,active,Y,N,Y,N,Y,5.0,1,77,,,
Calipso,restaurant,Puerto Viejo,active,N,N,Y,N,Y,4.6,1,91,,,
Caribeans Coffee and Chocolate,restaurant,Cocles,active,Y,N,Y,Y,Y,4.6,2,304,,,
Como En Mi Casa Art Cafe,restaurant,Puerto Viejo,active,Y,N,Y,Y,Y,4.4,0,59,,,
Gelateria Deelite,restaurant,Puerto Viejo,active,Y,N,Y,Y,Y,4.5,1,163,,,
Iriria Specialty Coffee Shop,restaurant,Puerto Viejo,active,Y,N,Y,N,Y,4.4,1,125,,,
Juice for Life Wolaba,restaurant,Puerto Viejo,active,Y,N,Y,N,Y,4.8,1,110,,,
Lulu's Place,restaurant,Puerto Viejo,active,Y,N,Y,N,Y,5.0,0,211,,,
Ocho Nani,restaurant,Puerto Viejo,active,Y,N,Y,N,Y,4.8,0,131,,,
Pan Pay,restaurant,Puerto Viejo,active,Y,N,Y,Y,Y,4.3,1,21,,,
Pidiendo Cacao,restaurant,Puerto Viejo,active,N,N,Y,N,Y,4.9,2,37,,,
Sweet Moments,restaurant,Puerto Viejo,active,Y,N,Y,N,Y,4.0,0,26,,,
Aloe Boutique,shopping,Puerto Viejo,active,N,N,Y,N,Y,4.7,0,22,,,
Bambu Store,shopping,Puerto Viejo,active,Y,N,N,N,Y,5.0,0,78,,,
Cantik at Home,shopping,Puerto Viejo,active,N,N,Y,N,Y,1.3,0,34,,,
Casa Mandala,shopping,Playa Chiquita,active,Y,N,Y,N,Y,4.6,0,133,,,
DiTown Shop,shopping,Puerto Viejo,active,Y,N,Y,N,Y,4.7,0,64,,,
Luna May,shopping,Puerto Viejo,active,N,N,Y,N,Y,4.7,0,97,,,
Marea Santa,shopping,Puerto Viejo,active,Y,Y,N,N,Y,4.9,0,47,,,
Naturama Store,shopping,Puerto Viejo,active,Y,Y,Y,N,Y,5.0,0,20,,,
Passion Fruit Store,shopping,Puerto Viejo,active,Y,Y,N,N,Y,3.7,0,31,,,
Reggaeland,shopping,Puerto Viejo,active,Y,N,N,N,Y,4.4,0,29,,,
Samoa Boutique,shopping,Puerto Viejo,active,Y,N,Y,N,Y,4.5,0,78,,,
Tienda Caribe,shopping,Puerto Viejo,active,Y,Y,Y,N,Y,2.8,0,28,,,
Almacen San Francisco,shopping,Playa Negra,active,Y,N,Y,N,Y,4.2,0,47,,,
Colono Hone Creek,shopping,Hone Creek,active,Y,N,N,N,Y,3.8,0,42,,,
FerreCocles,shopping,Cocles,active,Y,N,Y,N,Y,4.2,0,30,,,
Cervecera Tierra y Libertad,shopping,Hone Creek,active,Y,N,Y,N,Y,4.8,0,147,,,
Red Monkey Liquor Store,shopping,Puerto Viejo,active,Y,N,Y,N,Y,4.9,0,21,,,
Electro Office,shopping,Puerto Viejo,active,Y,Y,Y,N,Y,3.0,0,73,,,
Flor de China,shopping,Playa Negra,active,N,N,Y,N,Y,4.3,1,88,,,
Librería Caribe,shopping,Puerto Viejo,active,Y,N,N,N,Y,4.7,0,34,,,
Farmacia Don Manuel,shopping,Cocles,active,Y,Y,Y,N,Y,3.8,0,174,,,
La Pitaya,shopping,Puerto Viejo,active,N,N,Y,N,Y,5.0,0,191,,,
Tienda del Mar,shopping,Puerto Viejo,active,Y,N,Y,N,Y,4.3,0,112,,,
Wanderlust,shopping,Puerto Viejo,active,N,N,Y,N,Y,4.7,0,40,,,
Puerto Viejo Farmers and Artisans Market,shopping,Puerto Viejo,active,Y,N,Y,N,Y,4.5,0,214,,,
Bio Mercado Puerto Viejo,shopping,Puerto Viejo,active,Y,N,N,N,Y,4.8,0,100,,,
Centro de Carnes Canada,shopping,Puerto Viejo,active,Y,N,Y,N,Y,4.7,0,41,,,
El Diamante,shopping,Puerto Viejo,active,Y,N,Y,N,Y,4.0,0,67,,,
El Duende Gourmet,shopping,Playa Chiquita,active,Y,N,Y,N,Y,4.3,0,91,,,
Mariscos Mopri,shopping,Puerto Viejo,active,Y,Y,Y,Y,Y,4.2,0,223,,,
Mercadito Puerto Viejo,shopping,Puerto Viejo,active,Y,N,Y,N,Y,3.3,0,42,,,
Namú Ecotienda Orgánica,shopping,Puerto Viejo,active,Y,Y,N,N,Y,4.9,0,52,,,
Super Banana Gourmet Market,shopping,Playa Negra,active,N,N,Y,N,Y,4.4,0,87,,,
Super Negro Cocles,shopping,Cocles,active,N,N,N,N,Y,4.7,0,77,,,
Super Negro Hone Creek,shopping,Hone Creek,active,Y,N,N,N,Y,N,0,61,,,
Value Mart Puerto Viejo,shopping,Puerto Viejo,active,Y,N,Y,N,Y,3.6,0,44,,,
Automotriz Danny,services,Puerto Viejo,active,Y,N,Y,N,Y,4.6,0,116,,,
Ecolavacar del Caribe,services,Hone Creek,active,Y,N,N,N,Y,3.8,0,97,,,
Casa de la Cultura,services,Puerto Viejo,active,Y,N,Y,N,Y,4.5,0,104,,,
La Casa del Coral,services,Cocles,active,N,N,N,Y,Y,5.0,0,60,,,
Chamber of Tourism and Commerce Caribe Sur,services,Playa Negra,active,Y,N,Y,N,Y,4.2,0,96,,,
El Puente-The Bridge,services,Playa Negra,active,Y,N,Y,N,Y,4.8,0,207,,,
Caribe Dental,services,Puerto Viejo,active,Y,Y,Y,N,Y,4.9,1,141,,,
Centro Médico Aruma,services,Puerto Viejo,active,Y,Y,Y,N,Y,4.3,0,283,,,
Clínica de Especialidades Médicas San Gabriel,services,Puerto Viejo,active,Y,Y,N,N,Y,3.8,0,226,,,
Clínica Dental Yani,services,Puerto Viejo,active,Y,Y,Y,N,Y,3.0,0,38,,,
Hone Creek Clinic,services,Hone Creek,active,Y,N,Y,N,Y,3.6,0,38,,,
Laboratorio Bioclinic,services,Puerto Viejo,active,Y,Y,Y,N,Y,3.9,0,53,,,
Laboratorio Clínico Leysa,services,Playa Negra,active,Y,N,Y,N,Y,5.0,0,199,,,
Lavandería La Estrella,services,Puerto Viejo,active,Y,N,Y,N,Y,4.1,2,48,,,
Washboard,services,Puerto Viejo,active,Y,Y,Y,N,Y,4.6,3,249,,,
We Do Laundry,services,Hone Creek,active,Y,N,Y,Y,Y,N,0,85,,,
Aloha Skincare and Wellness,services,Puerto Viejo,active,Y,N,N,N,Y,5.0,4,105,,,
Ambar Tattoo Space,services,Puerto Viejo,active,Y,N,Y,N,Y,5.0,1,61,,,
Caribe Love Tattoo,services,Puerto Viejo,active,Y,Y,Y,N,Y,4.9,0,77,,,
Cosmos Puerto Viejo Tattoo,services,Puerto Viejo,active,Y,Y,Y,N,Y,4.8,2,50,,,
Earth to Skin,services,Puerto Viejo,active,N,N,Y,N,Y,4.5,0,247,,,
Indulgence Spa,services,Cocles,active,Y,N,Y,N,Y,5.0,4,148,,,
Kona Wellness Shala,services,Cocles,active,Y,Y,Y,N,Y,4.9,0,59,,,
Mendez Barber Shop,services,Puerto Viejo,active,Y,N,N,N,Y,4.8,4,120,,,
Octo Salon,services,Playa Chiquita,active,Y,N,N,N,Y,4.9,1,55,,,
Old Harbour Gym,services,Puerto Viejo,active,N,N,Y,N,Y,4.5,4,98,,,
Pure Jungle Spa,services,Puerto Viejo,active,Y,N,Y,Y,Y,4.8,4,89,,,
Pure Love Liberation,services,Cocles,active,Y,N,N,N,Y,N,0,415,,,
Surya Spa,services,Cocles,active,Y,Y,Y,N,Y,5.0,6,109,,,
Svastha Yoga & Ayurveda Café,services,Puerto Viejo,active,Y,N,Y,N,Y,N,0,254,,,
La Tinta Tropical,services,Puerto Viejo,active,Y,Y,Y,N,Y,5.0,1,60,,,
Vol'Air Dance Studio,services,Puerto Viejo,active,Y,Y,N,N,Y,4.9,2,73,,,
Puerto Viejo Dogs,services,Puerto Viejo,active,Y,Y,Y,N,Y,5.0,0,500,,,
Central de Mascotas,services,Puerto Viejo,active,Y,N,Y,N,Y,4.6,2,83,,,
Clínica Veterinaria Arroyo y Solano,services,Puerto Viejo,active,Y,N,Y,N,Y,4.4,3,72,,,
Clinica Veterinaria Green Vet,services,Hone Creek,active,Y,Y,N,N,Y,4.9,1,114,,,
Ciclo Tuanis,services,Puerto Viejo,active,Y,N,Y,N,Y,3.9,0,64,,,
Puerto Viejo Bike Rentals,services,Puerto Viejo,active,Y,N,Y,N,Y,4.6,0,111,,,
Pura Ride by Ciclo Cocles,services,Cocles,active,Y,Y,Y,N,Y,4.1,0,275,,,
Cerrajería Paris,services,Puerto Viejo,active,Y,Y,N,N,Y,4.7,1,69,,,
PC Caribe Soluciones Informáticas,services,Puerto Viejo,active,Y,N,Y,N,Y,3.4,1,90,,,
Centro Educativo Playa Chiquita Punta Uva,services,Playa Chiquita,active,Y,N,N,Y,Y,N,0,373,,,
Proyecto Educativo Semillas de Paz,services,Playa Chiquita,active,Y,Y,N,N,Y,N,0,330,,,
Eñe Spanish Teachers,services,Puerto Viejo,active,Y,Y,N,N,Y,5.0,4,287,,,
Spanish by the Sea,services,Puerto Viejo,active,Y,Y,Y,N,Y,4.5,4,189,,,
Spanish School Pura Vida,services,Puerto Viejo,active,Y,N,Y,N,Y,4.8,6,198,,,
Veronica's Place Cooking Class,services,Cocles,active,Y,N,Y,N,Y,5.0,0,236,,,
Correos de CR,services,Playa Negra,active,N,N,Y,N,Y,2.6,1,131,,,
Elena De Luca Studio,services,Puerto Viejo,active,Y,Y,Y,N,Y,5.0,1,111,,,
Puerto Viejo Multicentro,services,Puerto Viejo,active,N,N,N,N,Y,4.0,1,173,,,
Sea Breeze Events,services,Puerto Viejo,active,N,N,Y,Y,Y,3.7,0,57,,,
Black Shack Surf School,services,Cocles,active,Y,N,N,N,Y,4.9,0,425,,,
Surf Meds Caribe,services,Cocles,active,Y,N,N,Y,Y,4.8,0,132,,,
Surf the Jungle Surf School Adventures,services,Puerto Viejo,active,Y,Y,N,Y,Y,4.9,0,295,,,
Tico Surf and Skate,services,Cocles,active,Y,N,Y,N,Y,4.4,0,75,,,
Cacao Trails Bole,tour_company,Hone Creek,active,Y,N,Y,N,Y,4.8,1,238,,,
Caribe Horse Riding Club,tour_company,Cocles,active,Y,Y,Y,N,Y,4.8,0,468,,,
Ceibo Adventure,tour_company,Playa Chiquita,active,Y,N,N,Y,N,N,0,444,,,
Exploradores Outdoors,tour_company,Puerto Viejo,active,Y,N,Y,N,Y,4.6,1,269,,,
Finca La Isla Botanical Garden,tour_company,Playa Negra,active,Y,N,N,N,Y,4.5,1,176,,,
Finca Tierra,tour_company,Cocles,active,Y,N,Y,N,Y,5.0,0,80,,,
Green Water SUP Tours,tour_company,Punta Uva,active,Y,Y,Y,N,Y,4.4,0,330,,,
Hidden Garden Ethnobotanical Sanctuary,tour_company,Puerto Viejo,active,Y,N,N,N,Y,4.3,2,331,,,
Jaguar Rescue Center,tour_company,Playa Chiquita,active,Y,N,Y,Y,Y,4.8,1,500,,,
Kinkaju Tours,tour_company,Hone Creek,active,Y,N,N,N,Y,5.0,0,102,,,
Punta Uva Dive Center,tour_company,Punta Uva,active,Y,Y,Y,Y,Y,4.4,0,185,,,
Ride the Rainforest,tour_company,Playa Chiquita,active,Y,Y,Y,N,Y,4.8,0,328,,,
Talamanca Chocolate,tour_company,Playa Negra,active,Y,Y,N,N,N,N,0,257,,,
Adobe EasyCar Rent a Car,transport,Puerto Viejo,active,Y,Y,Y,N,Y,4.8,0,192,,,
Alamo Enterprise Car Rental,transport,Puerto Viejo,active,Y,N,Y,N,Y,4.3,0,158,,,
Caribe Shuttle,transport,Puerto Viejo,active,Y,Y,Y,Y,Y,4.2,1,334,,,
Interbus office,tour_company,Puerto Viejo,active,Y,N,N,N,Y,4.0,2,206,,,
Puerto Viejo Golf Carts,tour_company,Puerto Viejo,active,Y,Y,Y,Y,Y,N,0,281,,,
ATEC,tour_company,Puerto Viejo,active,Y,Y,Y,Y,Y,4.7,0,294,,,
Best Travel Puerto Viejo,tour_company,Puerto Viejo,active,Y,N,Y,N,Y,4.1,0,210,,,
Caribe Fun Tours,tour_company,Playa Negra,active,Y,N,Y,Y,Y,4.2,0,125,,,
Gecko Trail,tour_company,Puerto Viejo,active,Y,Y,Y,Y,Y,N,0,432,,,
Caribe Sur Real Estate,real_estate,Puerto Viejo,active,Y,Y,N,N,Y,4.0,0,139,,,
Century 21 Caribe,real_estate,Playa Chiquita,active,Y,N,N,Y,Y,4.3,0,117,,,
Coldwell Banker Caribe,real_estate,Puerto Viejo,active,Y,Y,Y,N,Y,5.0,0,75,,,
RISE Puerto Viejo,real_estate,Puerto Viejo,active,Y,Y,N,N,Y,4.9,0,130,,,
Green Property Management,real_estate,Playa Chiquita,active,Y,N,Y,N,Y,N,0,353,,,
Farmacia Caribe,shopping,Puerto Viejo,active,Y,N,Y,N,Y,4.3,0,89,Y,,
Puerto Viejo Pharmacy,shopping,Puerto Viejo,active,Y,N,N,N,Y,3.8,0,64,,,
Mega Super,shopping,Puerto Viejo,active,N,N,Y,N,Y,3.9,0,48,,,
Old Harbour Supermarket,shopping,Puerto Viejo,active,Y,N,Y,N,Y,4.3,2,94,,,
Pali Supermarket,shopping,Hone Creek,active,Y,Y,Y,Y,Y,3.8,1,35,,,
Super Cocles,shopping,Cocles,active,N,N,Y,N,Y,4.5,0,106,,,
Super Punta Uva,shopping,Punta Uva,active,N,N,Y,N,Y,4.3,0,114,,,
Super SK,shopping,Playa Negra,active,Y,N,Y,N,Y,4.6,2,57,,,
Servicentro Hone Creek,services,Hone Creek,active,N,N,Y,N,Y,N,0,99,,,
Catholic Church,services,Puerto Viejo,active,N,N,Y,N,Y,5.0,0,21,,,
Puerto Viejo Police Station,services,Playa Negra,active,Y,N,N,N,Y,N,0,372,,,
Puerto Viejo Police Town Station,services,Puerto Viejo,active,N,N,Y,N,Y,5.0,0,182,,,
BAC Credomatic ATM,services,Puerto Viejo,active,N,N,Y,N,Y,2.7,0,84,,,
Banco de Costa Rica Puerto Viejo,services,Puerto Viejo,active,Y,N,N,N,Y,2.7,0,107,,,
Banco Nacional,services,Puerto Viejo,active,Y,N,Y,N,Y,3.5,0,86,,,
Main Bus Stop,tour_company,Puerto Viejo,active,N,N,Y,N,Y,2.8,1,286,,,
Watuza,restaurant,Puerto Viejo,needs_verification,N,N,Y,Y,Y,4.9,0,64,,,
El Faro 13,hostel,Puerto Viejo,needs_verification,Y,N,Y,Y,Y,N,6,58,,,
Hotel Los Sueños,hostel,Puerto Viejo,needs_verification,Y,N,Y,Y,Y,4.5,3,71,,,
Villa Bukë,hostel,Playa Negra,needs_verification,Y,N,N,Y,Y,4.3,2,57,,,
Beach Hut,hotel,Puerto Viejo,needs_verification,Y,N,Y,N,Y,N,6,56,,,
Mi Casa Hostel y Hotel El Tesoro,hotel,Cocles,needs_verification,Y,N,N,N,Y,3.4,1,86,,,
Cabinas Orange Green,hotel,Puerto Viejo,needs_verification,Y,N,Y,N,Y,4.6,6,67,,,
Cabinas Wray,hotel,Puerto Viejo,needs_verification,Y,Y,Y,N,Y,4.0,6,59,,,
Casa Badawi,hotel,Puerto Viejo,needs_verification,Y,N,N,Y,Y,5.0,6,58,,,
Casa Trinidad,hotel,Puerto Viejo,needs_verification,Y,N,N,N,Y,5.0,6,60,,,
Casa Tuareg,hotel,Puerto Viejo,needs_verification,Y,N,N,N,Y,5.0,1,68,,,
Harmony: Mini Casa Rodante by Aptos Casa Caribe,hotel,Puerto Viejo,needs_verification,Y,N,N,Y,Y,5.0,6,94,,,
Hotel Posada Nena,hotel,Puerto Viejo,needs_verification,Y,N,Y,Y,N,N,6,64,,,
Lapalapa Beach Front Hotel,hotel,Cocles,closed,Y,N,Y,N,Y,N,6,67,,,
Las Mariposas,hotel,Playa Chiquita,needs_verification,Y,Y,Y,Y,Y,4.0,6,90,,,
Paula's and Daniel's Homestay,hotel,Puerto Viejo,needs_verification,Y,N,Y,N,N,N,6,76,,,
Totem Hotel Resort & Restaurant,hotel,Cocles,closed,Y,N,N,N,Y,4.2,6,72,,,
Vista Verde,hotel,Puerto Viejo,needs_verification,Y,N,N,Y,Y,N,6,58,,,
Restaurante Cariblue,restaurant,Cocles,needs_verification,Y,N,Y,Y,Y,4.3,1,69,,,
Río Negro,restaurant,Cocles,needs_verification,Y,N,N,Y,Y,N,0,57,Y,,
Jungle Air Parapente,shopping,Puerto Viejo,needs_verification,Y,N,N,Y,Y,4.2,0,89,Y,,
Panadería Francés,shopping,Cocles,needs_verification,Y,N,Y,N,N,N,0,55,Y,,
Hotel Villas y Glamping M&A,vacation_rental,Cocles,needs_verification,Y,Y,Y,Y,Y,4.5,11,78,,,
Yerbas Concepto Culinario,restaurant,Puerto Viejo,needs_verification,N,N,Y,Y,Y,4.8,0,80,,,
Abba Home,restaurant,Puerto Viejo,active,Y,N,Y,Y,Y,5.0,7,91,Y,,
ALMA Masajes,wellness,Playa Negra,active,Y,N,Y,Y,Y,5.0,3,45,,,
Alojamiento kon-tiky,vacation_rental,Playa Negra,active,Y,N,N,N,Y,5.0,4,95,Y,,
Api-Rescate,restaurant,Cocles,active,N,N,N,N,Y,4.6,0,49,Y,,
Ariel Apartment's,vacation_rental,Playa Negra,active,Y,N,N,Y,Y,4.5,4,95,Y,,
Arrecife El Chino,restaurant,Puerto Viejo,active,N,N,N,N,Y,4.9,0,55,Y,,
Beach Trail,restaurant,Playa Negra,active,N,N,N,N,Y,5.0,0,54,Y,,
Beauty Ritual Spa,wellness,Cocles,active,Y,Y,Y,Y,Y,5.0,4,60,,,
BERACA,restaurant,Puerto Viejo,active,Y,N,Y,N,Y,4.7,0,55,,,
Blessed Hands Massage Therapy,wellness,Playa Negra,active,Y,N,N,N,Y,4.9,1,62,,,
Blue Dreams Hotel,hotel,Playa Negra,active,Y,N,N,Y,Y,N,6,62,,,
Buddy's Sloth Crossing,restaurant,Puerto Viejo,active,N,N,Y,N,Y,5.0,0,91,Y,,
Bugambilia Inn,hotel,Playa Negra,active,Y,Y,N,N,Y,3.9,3,61,,,
Cabañas KiaMiMi,hotel,Puerto Viejo,active,Y,Y,Y,N,Y,4.8,1,62,,,
Cabina trepazul,vacation_rental,Playa Negra,active,Y,N,Y,N,Y,5.0,4,95,Y,,
Cabinas Bambu,hotel,Playa Negra,active,Y,N,N,Y,Y,4.4,2,60,,,
Cabinas Yemanya,hotel,Playa Negra,active,Y,N,N,N,Y,4.3,6,72,,,
Café Jaguar & Art Gallery,restaurant,Cocles,active,N,N,N,N,Y,4.9,1,75,,,
Caribbean Blue Morpho Casitas,vacation_rental,Playa Negra,active,Y,Y,N,Y,Y,5.0,2,95,Y,,
Caribbean Hill Villas,hotel,Cocles,active,Y,Y,N,Y,Y,4.2,4,68,,,
CaribeZen,restaurant,Playa Negra,active,Y,N,Y,Y,Y,N,0,62,Y,,
Casa Alegra,restaurant,Playa Negra,active,N,N,N,N,Y,4.8,0,54,Y,,
Casa Amma,restaurant,Playa Negra,active,Y,N,N,N,Y,4.6,0,90,Y,,
Casa Amor,restaurant,Playa Negra,active,Y,N,N,N,Y,4.6,2,90,Y,,
Casa Antorcha,restaurant,Cocles,active,Y,N,N,N,Y,4.5,0,85,Y,,
Casa Canopy,restaurant,Cocles,active,N,N,N,N,Y,4.8,5,49,Y,,
Casa Chilamate Day House,restaurant,Playa Negra,active,Y,N,Y,Y,Y,4.5,2,90,Y,,
Casa del Caribe B&B,hotel,Playa Negra,active,N,N,N,N,Y,5.0,1,52,,,
Casa Lily,restaurant,Cocles,active,N,N,N,N,Y,4.5,0,49,Y,,
Casa Miluca,restaurant,Playa Negra,needs_verification,Y,N,N,N,N,N,0,62,Y,,
Casa Miluco,restaurant,Playa Negra,active,N,N,N,N,Y,N,0,26,Y,,
Casa Olingo,restaurant,Playa Negra,active,Y,N,N,N,Y,4.6,0,90,Y,,
Casa Pallaita,restaurant,Playa Negra,active,N,N,N,Y,Y,4.8,5,90,Y,,
Casa Palliata,restaurant,Playa Negra,active,N,N,N,Y,Y,4.3,0,90,Y,,
Casa Shanti,restaurant,Cocles,active,N,N,N,N,Y,N,0,21,Y,,
casa tia zeidy,restaurant,Playa Negra,active,Y,Y,N,N,Y,4.9,0,90,Y,,
Casa vacacional happy day beach house,restaurant,Puerto Viejo,active,Y,N,N,N,Y,3.0,0,91,Y,,
Casa Vosi,restaurant,Playa Negra,active,N,N,N,N,Y,4.5,0,54,Y,,
Casas Sloth & Butterfly,restaurant,Playa Negra,active,N,N,N,N,Y,4.3,0,56,,,
Casita Tucan,hotel,Cocles,active,N,N,N,N,Y,4.1,6,44,Y,,
Casitas Batsú,vacation_rental,Cocles,active,Y,N,N,Y,Y,3.9,4,90,Y,,
Casitas del Bosque,hotel,Puerto Viejo,active,N,N,N,N,Y,N,6,46,,,
CHOCORART,shopping,Puerto Viejo,active,Y,Y,N,Y,Y,N,0,37,,,
Cirrus Sky Paragliding CR,restaurant,Playa Negra,active,Y,Y,N,Y,Y,5.0,0,90,Y,,
Cubali Beach,restaurant,Playa Negra,active,N,N,N,N,Y,N,0,26,Y,,
Doctah Herbalist,restaurant,Cocles,active,Y,Y,N,N,Y,5.0,0,85,Y,,
Explora Caribe CR,restaurant,Playa Negra,active,Y,N,N,N,Y,4.0,0,90,Y,,
Finca Darai,restaurant,Cocles,active,N,N,N,N,Y,N,0,21,Y,,
FISIOTERAPIA Agustin cuya,restaurant,Cocles,active,Y,Y,N,Y,Y,5.0,0,85,Y,,
Fruit Houses,hotel,Cocles,active,Y,N,Y,N,Y,N,6,40,,,
Global Stones finca conservación,restaurant,Cocles,active,N,N,N,N,Y,4.3,0,49,Y,,
Hawaiian Massage,wellness,Playa Negra,active,Y,Y,N,Y,Y,5.0,2,59,,,
Hidden Viewpoint,restaurant,Playa Negra,active,Y,N,N,N,Y,5.0,0,90,Y,,
Hospedaje Dos Sueños,hotel,Puerto Viejo,active,N,N,N,N,Y,N,6,48,,,
Hotel Rustika Lodge,hotel,Puerto Viejo,active,Y,N,N,N,Y,4.3,6,66,,,
Iglesia Cristiana Casa De Restauracion,restaurant,Cocles,active,N,N,N,N,Y,4.5,0,85,Y,,
Izzy Rides CR,restaurant,Cocles,active,Y,N,N,Y,Y,5.0,0,85,Y,,
Jungalow,restaurant,Puerto Viejo,active,N,N,N,N,Y,4.0,0,55,Y,,
Jungla del Caribeño,restaurant,Playa Negra,active,Y,N,Y,N,Y,4.7,1,90,Y,,
Kä Luxury Caribbean,restaurant,Playa Negra,active,N,N,N,N,Y,5.0,0,54,Y,,
Ka Namu,restaurant,Playa Negra,active,Y,Y,N,N,Y,N,0,62,Y,,
Katuk,restaurant,Playa Negra,active,N,N,N,Y,Y,4.9,0,53,,,
La Caracola,restaurant,Playa Negra,active,Y,N,N,N,Y,4.4,4,90,Y,,
LA CHASCONA,restaurant,Playa Negra,active,Y,N,N,N,Y,3.0,0,90,Y,,
La loma de burrito,restaurant,Playa Chiquita,active,N,N,Y,N,Y,3.5,1,93,Y,,
La Paloma Studio en Coclès con cocina a,restaurant,Playa Negra,active,Y,N,Y,N,Y,4.9,4,90,Y,,
Lapaluna,restaurant,Puerto Viejo,active,N,N,Y,N,Y,N,0,36,,,
Mishka Lodge,hotel,Playa Negra,active,Y,Y,N,N,Y,4.8,2,59,,,
Nana's Place Beach House,restaurant,Playa Chiquita,active,Y,Y,N,N,Y,5.0,0,93,Y,,
NAO,restaurant,Playa Negra,active,Y,N,Y,N,Y,5.0,1,90,Y,,
Paraiso Bohemio,restaurant,Puerto Viejo,active,N,N,N,N,Y,5.0,0,55,Y,,
Pipa's Beach,restaurant,Puerto Viejo,active,N,N,N,N,Y,5.0,0,55,Y,,
Playa Estiven,restaurant,Playa Negra,active,N,N,N,N,Y,5.0,0,54,Y,,
Pure Life Sanctuary,restaurant,Cocles,active,N,N,N,Y,Y,5.0,3,85,Y,,
Quinta Guarumo,restaurant,Playa Negra,active,N,N,Y,N,Y,5.0,2,90,Y,,
RETIRO VERDE,restaurant,Cocles,active,Y,N,N,Y,Y,4.3,3,85,Y,,
Rico Tico Tours,restaurant,Puerto Viejo,active,Y,Y,N,N,Y,4.6,0,77,,,
Rio Home,restaurant,Playa Negra,active,Y,N,N,Y,Y,N,0,63,,,
River Box Cocles,restaurant,Playa Negra,active,Y,Y,Y,N,Y,5.0,4,90,Y,,
Shenanigans–Eat Drink Dink Drive,restaurant,Cocles,active,Y,N,N,Y,Y,4.6,0,80,,,
Shenanigans–Fat Drink Dink Drive,restaurant,Playa Negra,active,N,N,N,N,Y,N,0,60,,,
Siren Sanctuary,restaurant,Cocles,active,N,N,Y,Y,Y,5.0,0,85,Y,,
Sloth Massage,wellness,Puerto Viejo,active,Y,N,N,N,Y,5.0,0,56,,,
Soda Títeres,restaurant,Cocles,active,Y,N,N,Y,Y,4.8,0,74,,,
Spiral,restaurant,Puerto Viejo,active,N,N,N,N,Y,5.0,0,55,Y,,
Talamanca Organica Cacao & Fine Chocolate,restaurant,Cocles,active,Y,N,N,N,Y,N,0,74,,,
Talamanca Viewpoint,restaurant,Puerto Viejo,active,N,N,N,N,Y,4.7,0,55,Y,,
Tattoo Studio 33,restaurant,Puerto Viejo,active,N,N,N,N,Y,5.0,0,49,,,
The Amazing Treehouse and Nature,restaurant,Playa Negra,active,Y,Y,N,N,Y,5.0,0,60,,,
The Reillder Castillo Project,restaurant,Puerto Viejo,active,Y,N,N,Y,Y,5.0,1,91,Y,,
TreeTop Mansion,restaurant,Playa Negra,active,Y,N,N,Y,Y,4.6,0,90,Y,,
TRIBU functional training,restaurant,Puerto Viejo,active,Y,N,N,N,Y,5.0,3,91,Y,,
Jungalow Tropical Caribeño,restaurant,Cocles,active,N,N,N,N,Y,5.0,0,49,Y,,
"Tropical Getaway ""Casa de Amor",hotel,Cocles,active,N,N,N,N,Y,5.0,6,77,,,
"Tropical Getaway ""Dream House""",restaurant,Playa Negra,active,N,N,N,N,Y,N,0,63,,,
Tubolwak Lodge y Garden,hotel,Cocles,active,N,N,Y,N,Y,4.6,2,70,,,
Villa Cerise,hotel,Playa Negra,active,Y,N,N,N,Y,4.0,3,59,,,
Villa Kandulu,hotel,Playa Negra,active,Y,Y,Y,Y,Y,4.9,6,60,,,
Villa Khalú,hotel,Puerto Viejo,active,N,N,N,N,Y,N,6,58,,,
Villa Miagoa,hotel,Cocles,active,Y,N,N,Y,Y,4.9,6,59,,,
Villa Selva Luna,hotel,Cocles,active,Y,N,N,N,Y,4.2,6,63,,,
Villa Tropical,hotel,Playa Negra,active,N,N,N,N,Y,N,6,61,,,
Villas caranda,hotel,Puerto Viejo,active,N,N,N,N,Y,4.5,1,61,,,
Villas Moonlight,hotel,Playa Negra,active,Y,N,N,N,Y,4.7,6,63,,,
Vindas,restaurant,Playa Negra,active,N,N,Y,N,Y,4.5,1,90,Y,,
3 Bamboo Ecolodge,hotel,Cahuita,active,Y,N,Y,Y,Y,4.6,10,95,,,
Aldina's Guest House,hotel,Cahuita,active,Y,N,N,N,Y,4.7,7,94,,,
Almonds and Corals Boutique Hotel,hotel,Manzanillo,active,Y,N,N,N,Y,N,6,110,,,
Ara Manzanillo,tour_company,Manzanillo,active,Y,Y,N,Y,Y,4.7,1,108,,,
Aroma Coffee Bar and Breakfast,restaurant,Cahuita,active,Y,N,Y,N,Y,4.5,1,115,,,
Asante Bistro & Café,restaurant,Cahuita,active,Y,N,Y,N,Y,4.8,0,104,,,
Atlantida Lodge,hotel,Cahuita,active,Y,N,N,N,Y,4.3,8,102,,,
Babilonia,vacation_rental,Cahuita,active,Y,N,Y,N,Y,4.9,4,90,,,
Banco de Costa Rica Cahuita,services,Cahuita,active,Y,N,N,N,Y,2.9,0,91,,,
Bendita Comida,restaurant,Bribri,active,Y,N,N,N,Y,4.9,1,79,,,
Boca Chica Bar Restaurante y Piscina,restaurant,Cahuita,active,N,N,N,Y,N,N,0,93,,,
Bohemian Monkey,vacation_rental,Cahuita,active,Y,N,N,Y,Y,N,4,96,,,
Bomberos Bribri,services,Bribri,active,Y,N,Y,N,Y,4.0,0,70,,,
Brigitte's Ranch,hotel,Cahuita,active,Y,N,N,N,Y,4.4,2,104,,,
Bungalow Malú Lodge,hotel,Cahuita,active,Y,Y,Y,N,Y,4.4,7,96,,,
Bungalows Ache,hotel,Cahuita,active,Y,N,N,N,Y,N,6,85,,,
Bungalows Sloth,hotel,Manzanillo,active,Y,Y,Y,N,Y,4.9,11,92,,,
Cabinas Algebra,hotel,Cahuita,active,Y,N,Y,N,Y,N,6,86,,,
Cabinas Arrecife,hotel,Cahuita,active,Y,N,N,N,Y,4.2,8,94,,,
Cabinas Caribe Luna,hotel,Cahuita,active,Y,N,N,N,Y,4.6,6,97,,,
Cabinas El Imperio,hotel,Sixaola,active,Y,Y,N,N,Y,N,6,89,,,
Cabinas El Mango,hotel,Bribri,active,Y,Y,Y,N,Y,4.8,8,85,,,
Cabinas El Rinconcito,hotel,Gandoca,active,Y,N,Y,N,Y,N,6,92,,,
Cabinas Iguana Cahuita,hotel,Cahuita,active,Y,N,N,N,Y,4.6,5,101,,,
Cabinas Jenny,hotel,Cahuita,active,Y,N,Y,Y,Y,N,6,84,,,
Cabinas Nirvana Ecolodge,hotel,Cahuita,active,Y,N,N,N,Y,4.4,3,106,,,
Cabinas Palmer Makanda,hotel,Cahuita,active,Y,Y,Y,Y,Y,N,6,93,,,
Cabinas Smith,hotel,Cahuita,active,Y,Y,N,N,Y,4.6,2,84,,,
Cabinas Surf Side,hotel,Cahuita,active,Y,N,N,N,Y,3.9,5,88,,,
Cabinas Tito,hotel,Cahuita,active,Y,N,N,N,Y,N,6,83,,,
Cabinas YaMann,hotel,Manzanillo,active,Y,N,N,N,Y,4.5,3,100,,,
Cahuita Bus Station,tour_company,Cahuita,active,Y,N,N,N,Y,3.1,0,95,,,
Cahuita Inn,hotel,Cahuita,active,Y,N,N,N,Y,4.8,11,88,,,
Cahuita Lodge,vacation_rental,Cahuita,active,Y,N,Y,N,Y,4.7,9,94,,,
Cahuita National Park Hotel,hotel,Cahuita,active,Y,N,N,N,Y,N,6,98,,,
Canto del Mar Guest House,hotel,Gandoca,active,Y,Y,N,N,Y,5.0,1,107,,,
Caribbean Blue House,vacation_rental,Cahuita,active,Y,N,N,N,Y,5.0,4,101,,,
Caribbean Coconut,hotel,Cahuita,active,Y,N,N,N,Y,4.7,10,88,,,
Casa Congo Cahuita,vacation_rental,Cahuita,active,N,N,N,N,Y,5.0,2,99,,,
Casa Firefly Boutique Retreat,hotel,Cahuita,active,N,N,Y,N,Y,N,6,100,,,
Casa Lucas,vacation_rental,Cahuita,active,N,N,N,N,Y,4.5,8,91,,,
Casa Magdalena,vacation_rental,Cahuita,active,Y,Y,N,N,Y,N,4,95,,,
Casa Mambo Cahuita,hotel,Cahuita,active,Y,N,N,N,Y,5.0,7,102,,,
Casa Marcellino,vacation_rental,Cahuita,active,Y,N,N,N,Y,4.8,8,96,,,
Casa Namaitamí,vacation_rental,Cahuita,active,Y,N,N,N,Y,5.0,4,95,,,
Casa Verde Cahuita,vacation_rental,Cahuita,active,Y,N,N,N,Y,4.6,1,99,,,
Casas Del Mar,vacation_rental,Manzanillo,active,Y,N,Y,N,Y,N,4,100,,,
Centro Educativo Complementaria Cahuita,services,Cahuita,active,Y,N,N,Y,Y,N,0,106,,,
Chao's Paradise,restaurant,Cahuita,active,Y,N,Y,N,Y,4.1,6,90,,,
Chile Verde,vacation_rental,Manzanillo,active,Y,N,N,N,Y,4.1,3,98,,,
Ciudad Perdida Ecolodge,hotel,Cahuita,active,Y,N,Y,N,Y,4.3,8,100,,,
Clinica Dental OCI Cahuita,services,Cahuita,active,Y,Y,N,N,Y,4.8,0,93,,,
Clínica de Medicina Integral Bribri,services,Bribri,active,Y,Y,N,N,Y,5.0,0,100,,,
Colibri Lodge Gandoca,hotel,Gandoca,active,Y,Y,Y,N,Y,4.5,5,101,,,
Colores Restaurant and Beach Lounge,restaurant,Manzanillo,active,Y,Y,Y,N,Y,4.6,6,124,,,
Congo Bongo EcoVillage,hotel,Manzanillo,active,Y,Y,Y,Y,Y,4.8,9,111,,,
Container House Cahuita,hotel,Cahuita,active,Y,Y,N,N,Y,4.5,1,94,,,
Cool and Calm Cafe,restaurant,Manzanillo,active,N,N,N,Y,Y,4.4,1,105,,,
Coral Vet,services,Cahuita,active,Y,N,Y,N,Y,4.7,0,76,,,
Cruz Roja,services,Bribri,active,Y,N,N,Y,Y,4.8,0,64,,,
El Arbol Jungle Houses,vacation_rental,Manzanillo,active,Y,Y,N,N,Y,N,4,109,,,
El Colibri Lodge,hotel,Manzanillo,active,Y,N,N,N,Y,4.3,6,93,,,
El Colibri Rojo,hotel,Cahuita,active,Y,N,N,N,Y,N,6,86,,,
El Dragón,restaurant,Puerto Viejo,active,Y,Y,N,Y,Y,4.6,1,79,,,
El Encanto Hotel,hotel,Cahuita,active,Y,N,N,N,Y,4.7,6,93,,,
Exotico Beach,hotel,Manzanillo,active,Y,Y,Y,N,Y,4.7,11,100,,,
Faith Glamping Dome,hotel,Manzanillo,active,Y,N,Y,N,Y,4.8,8,108,,,
Farmacia Quiribri Cahuita,shopping,Cahuita,active,Y,N,N,N,Y,2.8,0,90,,,
Farmacia San Gabriel,shopping,Cahuita,active,Y,N,N,N,Y,3.8,1,85,,,
Fusión Restaurante,restaurant,Sixaola,active,Y,Y,N,N,Y,N,0,75,,,
Gandoca Tours,tour_company,Gandoca,active,Y,Y,Y,N,Y,N,0,89,,,
Goddess Garden,hotel,Cahuita,active,Y,N,N,N,Y,4.6,9,92,,,
Green Corner,vacation_rental,Cahuita,active,N,N,N,N,Y,N,4,93,,,
Green Lapa's Village,vacation_rental,Manzanillo,active,Y,N,Y,N,Y,5.0,3,117,,,
Hakuna Matata Hostel,hostel,Cahuita,active,Y,N,Y,N,Y,4.4,4,94,,,
Happy House Manzanillo,vacation_rental,Manzanillo,active,N,N,Y,Y,Y,2.0,4,109,,,
Hotel Boutique D'Angelo,vacation_rental,Manzanillo,active,Y,Y,N,N,Y,4.5,11,110,,,
Hotel Cabinas Nadine,vacation_rental,Cahuita,active,Y,N,N,N,Y,4.8,3,101,,,
Hotel La Diosa,hotel,Cahuita,active,Y,N,N,N,Y,4.4,6,95,,,
Hotel Los Cielos del Caribe,vacation_rental,Cahuita,active,Y,Y,Y,N,Y,4.8,6,108,,,
Hungry Lion's Jamaican Restaurant,restaurant,Cahuita,active,Y,N,N,N,Y,3.9,1,83,,,
Info Boutique,shopping,Cahuita,active,Y,N,N,N,Y,3.6,0,83,,,
Jungle Dreamz,vacation_rental,Manzanillo,active,Y,N,N,N,Y,N,4,100,,,
Kañik Apart Hotel,vacation_rental,Manzanillo,active,Y,N,Y,N,Y,5.0,9,104,,,
Kenaki Lodge,hotel,Cahuita,active,Y,Y,Y,N,Y,4.6,10,90,,,
La Casa Del Mango,vacation_rental,Cahuita,active,Y,Y,Y,N,Y,4.9,1,98,,,
La Casa de las Flores Hotel,hotel,Cahuita,active,Y,N,N,N,Y,N,6,98,,,
La Fundación Cahuita Playing for Change,services,Cahuita,active,Y,Y,Y,N,Y,N,0,96,,,
La Rana De Cahuita,vacation_rental,Cahuita,active,Y,Y,Y,N,Y,4.8,11,99,,,
La Shamana Ecolodge,hotel,Cahuita,active,Y,Y,Y,N,Y,4.6,11,96,,,
Lalola Villa,vacation_rental,Cahuita,active,Y,N,N,N,Y,5.0,3,93,,,
Lilan Nature,vacation_rental,Cahuita,active,Y,N,N,N,Y,4.8,2,93,,,
Manzanillo Caribbean Resort,hotel,Manzanillo,active,Y,N,Y,N,Y,4.8,11,113,,,
Marfi Inn,vacation_rental,Cahuita,active,Y,N,N,N,Y,4.5,5,90,,,
Maxi's Restaurant,restaurant,Manzanillo,active,Y,N,N,Y,Y,4.0,2,114,,,
Mayela Public Parking,services,Sixaola,active,Y,N,N,N,Y,4.1,0,88,,,
Mulata,shopping,Cahuita,active,Y,Y,Y,N,Y,5.0,0,71,,,
Nature Observatorio,tour_company,Manzanillo,active,Y,Y,Y,Y,Y,N,0,101,,,
New Caribe Point,vacation_rental,Cahuita,active,Y,N,N,N,Y,N,4,97,,,
OIJ,services,Bribri,active,Y,N,N,Y,Y,4.5,0,58,,,
Oasi Apartments,vacation_rental,Cahuita,active,Y,N,N,N,Y,N,4,96,,,
Ocean View Lodge Cahuita,hotel,Cahuita,active,Y,Y,N,N,Y,4.6,9,101,,,
Pangea Lodge,vacation_rental,Manzanillo,active,Y,Y,N,N,Y,N,4,99,,,
Papaya Wildlife Lodge,vacation_rental,Cahuita,active,Y,N,Y,N,Y,4.6,4,102,,,
Parqueo Sixaola,services,Sixaola,active,Y,N,N,N,Y,4.9,1,82,,,
Passion Fruit Ecolodge,hotel,Cahuita,active,Y,Y,Y,N,Y,4.7,6,93,,,
Piscina Natural,hotel,Cahuita,active,Y,N,N,N,Y,4.8,4,97,,,
Pizzeria Cahuita,restaurant,Cahuita,active,Y,N,Y,N,Y,4.6,1,95,,,
Playa Grande Lodge,hotel,Cahuita,active,Y,N,N,N,Y,4.8,10,96,,,
Playa Negra Guesthouse,hotel,Cahuita,active,Y,N,Y,N,Y,N,6,93,,,
Pura Vida Vegana,vacation_rental,Cahuita,active,N,N,N,N,Y,5.0,8,97,,,
Redfrogteam Guardianes de la Naturaleza,tour_company,Bribri,active,Y,Y,N,N,Y,4.9,0,113,,,
Reggae Bar,restaurant,Cahuita,active,N,N,N,N,Y,4.3,3,84,,,
Restaurante Bananas,restaurant,Cahuita,active,Y,N,N,N,Y,4.8,1,99,,,
Rhodes Island Cabinas,hotel,Cahuita,active,N,N,N,N,Y,3.5,4,100,,,
Riverside Cabins and Houses,hotel,Cahuita,active,Y,N,N,N,Y,N,6,98,,,
Roberto's Restaurant and Tours,restaurant,Cahuita,active,N,N,N,N,Y,4.5,0,111,,,
Se Ua Bed and Breakfast,hotel,Manzanillo,active,Y,N,N,N,Y,N,6,100,,,
Secret Garden,hostel,Cahuita,active,Y,N,N,N,Y,N,6,85,,,
Shiosai Retreat Cabins,hotel,Gandoca,active,Y,N,Y,N,Y,5.0,6,93,,,
Sloth Sanctuary,tour_company,Cahuita,active,Y,N,Y,N,Y,4.3,0,91,,,
Sobre las Olas by Gondwana,restaurant,Cahuita,active,Y,N,N,N,Y,4.2,0,102,,,
Soda Chang,restaurant,Sixaola,active,N,N,N,N,Y,5.0,2,90,,,
Soda Kawe,restaurant,Cahuita,active,Y,N,N,N,Y,4.4,0,89,,,
Soda Marta,restaurant,Sixaola,active,Y,N,N,N,Y,3.9,3,90,,,
Soda y Cabinas Kaniki,hotel,Gandoca,active,Y,N,N,N,Y,N,6,92,,,
Sport Body Gym,services,Cahuita,active,Y,Y,Y,N,Y,4.0,6,82,,,
Suizo Loco Lodge,hotel,Cahuita,active,Y,N,N,N,Y,N,6,87,,,
Super Negro Cahuita,shopping,Cahuita,active,N,N,N,N,Y,4.7,1,88,,,
Super Vaz 2,shopping,Cahuita,active,N,N,N,N,Y,3.5,1,80,,,
TKD Caribe,services,Cahuita,active,Y,N,N,N,N,N,0,67,,,
Tarponville Fishing Lodge,hotel,Manzanillo,active,Y,Y,Y,N,Y,N,6,102,,,
Terminal de Buses Sixaola,services,Sixaola,active,N,N,N,N,Y,3.6,0,82,,,
Three Monkeys,vacation_rental,Cahuita,active,Y,N,N,N,Y,4.2,3,94,,,
Topos Tree House,vacation_rental,Cahuita,active,Y,N,N,N,Y,N,4,97,,,
Tourist Police,services,Cahuita,active,N,N,N,N,Y,4.4,0,71,,,
Troy's Place,vacation_rental,Cahuita,active,N,N,N,N,Y,5.0,4,93,,,
Villa Mango,vacation_rental,Cahuita,active,Y,Y,N,N,Y,N,4,92,,,
Wildlife Lodge Cahuita,hotel,Cahuita,active,Y,Y,N,N,Y,4.7,9,93,,,
Selina Hostel Puerto Viejo,hostel,Puerto Viejo,active,Y,N,N,Y,Y,4.2,1,76,,,
Finca Ardilla,hotel,Playa Chiquita,active,Y,Y,N,N,Y,4.3,11,60,,,
Kinawe Cabinas,hotel,Playa Negra,active,Y,N,N,N,N,N,6,61,,,
El Tucan Jungle Lodge,hotel,Cocles,active,Y,N,N,N,Y,4.7,4,78,,,
Hotel Punta Cocles,hotel,Cocles,active,Y,N,N,Y,Y,N,6,65,,,
Italia Villas,hotel,Playa Negra,active,N,N,N,N,Y,4.0,1,60,,,
Vago's Place,hotel,Playa Chiquita,active,N,N,N,N,Y,3.5,1,60,,,
Home Naranjo,hotel,Cocles,active,N,N,N,N,Y,N,6,59,,,
Casa Naranjo,hotel,Cocles,active,N,N,N,N,Y,N,6,59,,,
Finca Las Hormigas,hotel,Punta Uva,active,Y,N,N,N,Y,5.0,6,65,,,
Solo Bueno,restaurant,Playa Negra,active,Y,N,N,N,Y,4.5,1,65,,,
Apetito Express,restaurant,Playa Negra,active,Y,N,N,N,Y,4.5,0,90,Y,,
Puerto Viejo de Talamanca,restaurant,Playa Negra,active,Y,N,N,Y,N,N,0,62,Y,,
El Ranchón,restaurant,Playa Negra,active,Y,N,N,N,Y,4.1,0,90,Y,,
Playa Chiquita Paradise,restaurant,Cocles,active,Y,N,N,Y,Y,N,0,57,Y,,
Escuela Këköldi,services,Punta Uva,active,N,N,N,N,Y,4.7,0,48,,,
policía,services,Playa Negra,active,Y,N,N,N,Y,4.0,0,40,,,
Escuela Hone Creek,services,Playa Negra,active,Y,N,N,N,Y,3.7,0,51,,,
Escuela Patiño,services,Playa Negra,active,N,N,N,N,Y,3.7,0,57,,,
Taller Gabriel,shopping,Puerto Viejo,active,Y,N,N,Y,Y,N,0,61,Y,,
Playa Cocles,tour_company,Playa Negra,active,N,N,N,N,Y,4.7,0,64,,,
